g SM_Coin_2008
v 0.368037199 -0.0598106315 -0.0730203415
v 0.375375926 -0.0598106315 -0.00036693639
v 0.375375926 0.0598106315 -0.00036693639
v 0.368037199 0.0598106315 -0.0730203415
v 0.346754888 -0.0598106315 -0.143472128
v 0.346754888 0.0598106315 -0.143472128
v 0.312262867 -0.0598106315 -0.208786806
v 0.312262867 0.0598106315 -0.208786806
v 0.26529501 -0.0598106315 -0.26529501
v 0.26529501 0.0598106315 -0.26529501
v 0.208786806 -0.0598106315 -0.312262867
v 0.208786806 0.0598106315 -0.312262867
v 0.143472128 -0.0598106315 -0.346754888
v 0.143472128 0.0598106315 -0.346754888
v 0.0730203415 -0.0598106315 -0.368037199
v 0.0730203415 0.0598106315 -0.368037199
v 0.00036693639 -0.0598106315 -0.375375926
v 0.00036693639 0.0598106315 -0.375375926
v -0.0730203415 -0.0598106315 -0.368037199
v -0.0730203415 0.0598106315 -0.368037199
v -0.143472128 -0.0598106315 -0.346754888
v -0.143472128 0.0598106315 -0.346754888
v -0.208786806 -0.0598106315 -0.312262867
v -0.208786806 0.0598106315 -0.312262867
v -0.26529501 -0.0598106315 -0.26529501
v -0.26529501 0.0598106315 -0.26529501
v -0.312262867 -0.0598106315 -0.208786806
v -0.312262867 0.0598106315 -0.208786806
v -0.346754888 -0.0598106315 -0.143472128
v -0.346754888 0.0598106315 -0.143472128
v -0.368037199 -0.0598106315 -0.0730203415
v -0.368037199 0.0598106315 -0.0730203415
v -0.375375926 -0.0598106315 -0.00036693639
v -0.375375926 0.0598106315 -0.00036693639
v 0.375375926 -0.0598106315 -0.00036693639
v 0.368037199 0.0598106315 0.0730203415
v 0.375375926 0.0598106315 -0.00036693639
v 0.368037199 -0.0598106315 0.0730203415
v 0.346754888 0.0598106315 0.143472128
v 0.346754888 -0.0598106315 0.143472128
v 0.312262867 0.0598106315 0.208786806
v 0.312262867 -0.0598106315 0.208786806
v 0.26529501 0.0598106315 0.26529501
v 0.26529501 -0.0598106315 0.26529501
v 0.208786806 0.0598106315 0.312262867
v 0.208786806 -0.0598106315 0.312262867
v 0.143472128 0.0598106315 0.346754888
v 0.143472128 -0.0598106315 0.346754888
v 0.0730203415 0.0598106315 0.368037199
v 0.0730203415 -0.0598106315 0.368037199
v 0.00036693639 0.0598106315 0.375375926
v 0.00036693639 -0.0598106315 0.375375926
v -0.0730203415 0.0598106315 0.368037199
v -0.0730203415 -0.0598106315 0.368037199
v -0.143472128 0.0598106315 0.346754888
v -0.143472128 -0.0598106315 0.346754888
v -0.208786806 0.0598106315 0.312262867
v -0.208786806 -0.0598106315 0.312262867
v -0.26529501 0.0598106315 0.26529501
v -0.26529501 -0.0598106315 0.26529501
v -0.312262867 0.0598106315 0.208786806
v -0.312262867 -0.0598106315 0.208786806
v -0.346754888 0.0598106315 0.143472128
v -0.346754888 -0.0598106315 0.143472128
v -0.368037199 0.0598106315 0.0730203415
v -0.368037199 -0.0598106315 0.0730203415
v -0.375375926 0.0598106315 -0.00036693639
v -0.375375926 -0.0598106315 -0.00036693639
v 0.307125758 0.0598106315 -0.0612783771
v 0.375375926 0.0598106315 -0.00036693639
v 0.31299674 0.0598106315 -0.00036693639
v 0.368037199 0.0598106315 -0.0730203415
v 0.288778939 0.0598106315 -0.119988199
v 0.346754888 0.0598106315 -0.143472128
v 0.2601579 0.0598106315 -0.173560912
v 0.312262867 0.0598106315 -0.208786806
v 0.221262643 0.0598106315 -0.221262643
v 0.26529501 0.0598106315 -0.26529501
v 0.173560912 0.0598106315 -0.2601579
v 0.208786806 0.0598106315 -0.312262867
v 0.119988199 0.0598106315 -0.288778939
v 0.143472128 0.0598106315 -0.346754888
v 0.0612783771 0.0598106315 -0.307125758
v 0.0730203415 0.0598106315 -0.368037199
v 0.00036693639 0.0598106315 -0.31299674
v 0.00036693639 0.0598106315 -0.375375926
v -0.0612783771 0.0598106315 -0.307125758
v -0.0730203415 0.0598106315 -0.368037199
v -0.119988199 0.0598106315 -0.288778939
v -0.143472128 0.0598106315 -0.346754888
v -0.173560912 0.0598106315 -0.2601579
v -0.208786806 0.0598106315 -0.312262867
v -0.221262643 0.0598106315 -0.221262643
v -0.26529501 0.0598106315 -0.26529501
v -0.2601579 0.0598106315 -0.173560912
v -0.312262867 0.0598106315 -0.208786806
v -0.288778939 0.0598106315 -0.119988199
v -0.346754888 0.0598106315 -0.143472128
v -0.307125758 0.0598106315 -0.0612783771
v -0.368037199 0.0598106315 -0.0730203415
v -0.31299674 0.0598106315 -0.00036693639
v -0.375375926 0.0598106315 -0.00036693639
v 0.31299674 -0.0598106315 -0.00036693639
v 0.375375926 -0.0598106315 -0.00036693639
v 0.368037199 -0.0598106315 -0.0730203415
v 0.307125758 -0.0598106315 -0.0612783771
v 0.346754888 -0.0598106315 -0.143472128
v 0.288778939 -0.0598106315 -0.119988199
v 0.312262867 -0.0598106315 -0.208786806
v 0.2601579 -0.0598106315 -0.173560912
v 0.26529501 -0.0598106315 -0.26529501
v 0.221262643 -0.0598106315 -0.221262643
v 0.208786806 -0.0598106315 -0.312262867
v 0.173560912 -0.0598106315 -0.2601579
v 0.143472128 -0.0598106315 -0.346754888
v 0.119988199 -0.0598106315 -0.288778939
v 0.0730203415 -0.0598106315 -0.368037199
v 0.0612783771 -0.0598106315 -0.307125758
v 0.00036693639 -0.0598106315 -0.375375926
v 0.00036693639 -0.0598106315 -0.31299674
v -0.0730203415 -0.0598106315 -0.368037199
v -0.0612783771 -0.0598106315 -0.307125758
v -0.143472128 -0.0598106315 -0.346754888
v -0.119988199 -0.0598106315 -0.288778939
v -0.208786806 -0.0598106315 -0.312262867
v -0.173560912 -0.0598106315 -0.2601579
v -0.26529501 -0.0598106315 -0.26529501
v -0.221262643 -0.0598106315 -0.221262643
v -0.312262867 -0.0598106315 -0.208786806
v -0.2601579 -0.0598106315 -0.173560912
v -0.346754888 -0.0598106315 -0.143472128
v -0.288778939 -0.0598106315 -0.119988199
v -0.368037199 -0.0598106315 -0.0730203415
v -0.307125758 -0.0598106315 -0.0612783771
v -0.375375926 -0.0598106315 -0.00036693639
v -0.31299674 -0.0598106315 -0.00036693639
v 0.31299674 0.0598106315 -0.00036693639
v 0.375375926 0.0598106315 -0.00036693639
v 0.368037199 0.0598106315 0.0730203415
v 0.307125758 0.0598106315 0.0612783771
v 0.346754888 0.0598106315 0.143472128
v 0.288778939 0.0598106315 0.119988199
v 0.312262867 0.0598106315 0.208786806
v 0.2601579 0.0598106315 0.173560912
v 0.26529501 0.0598106315 0.26529501
v 0.221262643 0.0598106315 0.221262643
v 0.208786806 0.0598106315 0.312262867
v 0.173560912 0.0598106315 0.2601579
v 0.143472128 0.0598106315 0.346754888
v 0.119988199 0.0598106315 0.288778939
v 0.0730203415 0.0598106315 0.368037199
v 0.0612783771 0.0598106315 0.307125758
v 0.00036693639 0.0598106315 0.375375926
v 0.00036693639 0.0598106315 0.31299674
v -0.0730203415 0.0598106315 0.368037199
v -0.0612783771 0.0598106315 0.307125758
v -0.143472128 0.0598106315 0.346754888
v -0.119988199 0.0598106315 0.288778939
v -0.208786806 0.0598106315 0.312262867
v -0.173560912 0.0598106315 0.2601579
v -0.26529501 0.0598106315 0.26529501
v -0.221262643 0.0598106315 0.221262643
v -0.312262867 0.0598106315 0.208786806
v -0.2601579 0.0598106315 0.173560912
v -0.346754888 0.0598106315 0.143472128
v -0.288778939 0.0598106315 0.119988199
v -0.368037199 0.0598106315 0.0730203415
v -0.307125758 0.0598106315 0.0612783771
v -0.375375926 0.0598106315 -0.00036693639
v -0.31299674 0.0598106315 -0.00036693639
v 0.307125758 -0.0598106315 0.0612783771
v 0.375375926 -0.0598106315 -0.00036693639
v 0.31299674 -0.0598106315 -0.00036693639
v 0.368037199 -0.0598106315 0.0730203415
v 0.288778939 -0.0598106315 0.119988199
v 0.346754888 -0.0598106315 0.143472128
v 0.2601579 -0.0598106315 0.173560912
v 0.312262867 -0.0598106315 0.208786806
v 0.221262643 -0.0598106315 0.221262643
v 0.26529501 -0.0598106315 0.26529501
v 0.173560912 -0.0598106315 0.2601579
v 0.208786806 -0.0598106315 0.312262867
v 0.119988199 -0.0598106315 0.288778939
v 0.143472128 -0.0598106315 0.346754888
v 0.0612783771 -0.0598106315 0.307125758
v 0.0730203415 -0.0598106315 0.368037199
v 0.00036693639 -0.0598106315 0.31299674
v 0.00036693639 -0.0598106315 0.375375926
v -0.0612783771 -0.0598106315 0.307125758
v -0.0730203415 -0.0598106315 0.368037199
v -0.119988199 -0.0598106315 0.288778939
v -0.143472128 -0.0598106315 0.346754888
v -0.173560912 -0.0598106315 0.2601579
v -0.208786806 -0.0598106315 0.312262867
v -0.221262643 -0.0598106315 0.221262643
v -0.26529501 -0.0598106315 0.26529501
v -0.2601579 -0.0598106315 0.173560912
v -0.312262867 -0.0598106315 0.208786806
v -0.288778939 -0.0598106315 0.119988199
v -0.346754888 -0.0598106315 0.143472128
v -0.307125758 -0.0598106315 0.0612783771
v -0.368037199 -0.0598106315 0.0730203415
v -0.31299674 -0.0598106315 -0.00036693639
v -0.375375926 -0.0598106315 -0.00036693639
v 0.00036693639 0.00330242751 0.318867723
v -0.0620122498 0.00330242751 0.31299674
v -0.122189818 0.00330242751 0.294649921
v -0.177230276 0.00330242751 0.26529501
v -0.22566588 0.00330242751 0.22566588
v -0.26529501 0.00330242751 0.177230276
v -0.294649921 0.00330242751 0.122189818
v 0.00036693639 0.00330242751 0.102375253
v -0.0664154865 0.00330242751 0.102375253
v -0.102375253 0.00330242751 0.0664154865
v -0.31299674 0.00330242751 0.0620122498
v -0.318867723 0.00330242751 -0.00036693639
v -0.31299674 0.00330242751 -0.0620122498
v -0.102375253 0.00330242751 -0.0664154865
v -0.0664154865 0.00330242751 -0.102375253
v -0.294649921 0.00330242751 -0.122189818
v 0.00036693639 0.00330242751 -0.102375253
v -0.26529501 0.00330242751 -0.177230276
v -0.22566588 0.00330242751 -0.22566588
v -0.177230276 0.00330242751 -0.26529501
v -0.122189818 0.00330242751 -0.294649921
v -0.0620122498 0.00330242751 -0.31299674
v 0.00036693639 0.00330242751 -0.318867723
v 0.0620122498 0.00330242751 -0.31299674
v 0.122189818 0.00330242751 -0.294649921
v 0.177230276 0.00330242751 -0.26529501
v 0.22566588 0.00330242751 -0.22566588
v 0.26529501 0.00330242751 -0.177230276
v 0.294649921 0.00330242751 -0.122189818
v 0.0664154865 0.00330242751 -0.102375253
v 0.31299674 0.00330242751 -0.0620122498
v 0.102375253 0.00330242751 -0.0664154865
v 0.102375253 0.00330242751 0.0664154865
v 0.318867723 0.00330242751 -0.00036693639
v 0.31299674 0.00330242751 0.0620122498
v 0.294649921 0.00330242751 0.122189818
v 0.0664154865 0.00330242751 0.102375253
v 0.26529501 0.00330242751 0.177230276
v 0.22566588 0.00330242751 0.22566588
v 0.177230276 0.00330242751 0.26529501
v 0.122189818 0.00330242751 0.294649921
v 0.0620122498 0.00330242751 0.31299674
v 0.00036693639 -0.00330242751 0.318867723
v 0.0620122498 -0.00330242751 0.31299674
v 0.122189818 -0.00330242751 0.294649921
v 0.177230276 -0.00330242751 0.26529501
v 0.22566588 -0.00330242751 0.22566588
v 0.26529501 -0.00330242751 0.177230276
v 0.294649921 -0.00330242751 0.122189818
v 0.00036693639 -0.00330242751 0.102375253
v 0.0664154865 -0.00330242751 0.102375253
v 0.102375253 -0.00330242751 0.0664154865
v 0.31299674 -0.00330242751 0.0620122498
v 0.318867723 -0.00330242751 -0.00036693639
v 0.31299674 -0.00330242751 -0.0620122498
v 0.102375253 -0.00330242751 -0.0664154865
v 0.0664154865 -0.00330242751 -0.102375253
v 0.294649921 -0.00330242751 -0.122189818
v 0.00036693639 -0.00330242751 -0.102375253
v 0.26529501 -0.00330242751 -0.177230276
v 0.22566588 -0.00330242751 -0.22566588
v 0.177230276 -0.00330242751 -0.26529501
v 0.122189818 -0.00330242751 -0.294649921
v 0.0620122498 -0.00330242751 -0.31299674
v 0.00036693639 -0.00330242751 -0.318867723
v -0.0620122498 -0.00330242751 -0.31299674
v -0.122189818 -0.00330242751 -0.294649921
v -0.177230276 -0.00330242751 -0.26529501
v -0.22566588 -0.00330242751 -0.22566588
v -0.26529501 -0.00330242751 -0.177230276
v -0.294649921 -0.00330242751 -0.122189818
v -0.0664154865 -0.00330242751 -0.102375253
v -0.31299674 -0.00330242751 -0.0620122498
v -0.102375253 -0.00330242751 -0.0664154865
v -0.102375253 -0.00330242751 0.0664154865
v -0.318867723 -0.00330242751 -0.00036693639
v -0.31299674 -0.00330242751 0.0620122498
v -0.294649921 -0.00330242751 0.122189818
v -0.0664154865 -0.00330242751 0.102375253
v -0.26529501 -0.00330242751 0.177230276
v -0.22566588 -0.00330242751 0.22566588
v -0.177230276 -0.00330242751 0.26529501
v -0.122189818 -0.00330242751 0.294649921
v -0.0620122498 -0.00330242751 0.31299674
v -0.0840284332 0.00256855473 -0.0568751404
v -0.0840284332 0.0253186109 -0.0568751404
v -0.0568751404 0.0253186109 -0.0840284332
v -0.0568751404 0.00256855473 -0.0840284332
v -0.0840284332 -0.00256855473 -0.0568751404
v -0.0568751404 -0.00256855473 -0.0840284332
v -0.0840284332 -0.0253186109 -0.0568751404
v -0.0568751404 -0.0253186109 -0.0840284332
v 0.0568751404 -0.00256855473 0.0840284332
v 0.0568751404 -0.0253186109 0.0840284332
v 0.0840284332 -0.0253186109 0.0568751404
v 0.0840284332 -0.00256855473 0.0568751404
v 0.0568751404 0.00256855473 0.0840284332
v 0.0840284332 0.00256855473 0.0568751404
v 0.0568751404 0.0253186109 0.0840284332
v 0.0840284332 0.0253186109 0.0568751404
v -0.0568751404 0.00256855473 0.0840284332
v -0.0568751404 0.0253186109 0.0840284332
v -0.0840284332 0.0253186109 0.0568751404
v -0.0840284332 0.00256855473 0.0568751404
v -0.0568751404 -0.00256855473 0.0840284332
v -0.0840284332 -0.00256855473 0.0568751404
v -0.0568751404 -0.0253186109 0.0840284332
v -0.0840284332 -0.0253186109 0.0568751404
v 0.0627461226 -0.0253186109 0.0950365249
v 0.0950365249 -0.0253186109 0.0627461226
v 0.0840284332 -0.0253186109 0.0568751404
v 0.0568751404 -0.0253186109 0.0840284332
v 0.0664154865 0.00256855473 0.102375253
v 0.0664154865 0.0179798831 0.102375253
v 0.102375253 0.0179798831 0.0664154865
v 0.102375253 0.00256855473 0.0664154865
v -0.0950365249 -0.0253186109 0.0627461226
v -0.0627461226 -0.0253186109 0.0950365249
v -0.0568751404 -0.0253186109 0.0840284332
v -0.0840284332 -0.0253186109 0.0568751404
v 0.0840284332 0.00256855473 -0.0568751404
v 0.0840284332 0.0253186109 -0.0568751404
v 0.0840284332 0.0253186109 0.0568751404
v 0.0840284332 0.00256855473 0.0568751404
v 0.0840284332 -0.00256855473 -0.0568751404
v 0.0840284332 -0.00256855473 0.0568751404
v 0.0840284332 -0.0253186109 -0.0568751404
v 0.0840284332 -0.0253186109 0.0568751404
v 0.0664154865 -0.00330242751 0.102375253
v 0.102375253 -0.00330242751 0.0664154865
v 0.102375253 -0.00256855473 0.0664154865
v 0.0664154865 -0.00256855473 0.102375253
v -0.0664154865 0.00256855473 0.102375253
v 0.0664154865 0.00256855473 0.102375253
v 0.0664154865 0.00330242751 0.102375253
v 0.00036693639 0.00330242751 0.102375253
v -0.0664154865 0.00330242751 0.102375253
v 0.102375253 0.00256855473 0.0664154865
v 0.102375253 0.00330242751 0.0664154865
v 0.0664154865 0.00330242751 0.102375253
v 0.0664154865 0.00256855473 0.102375253
v 0.102375253 -0.00330242751 0.0664154865
v 0.102375253 -0.00330242751 -0.0664154865
v 0.102375253 -0.00256855473 -0.0664154865
v 0.102375253 -0.00256855473 0.0664154865
v 0.102375253 -0.00330242751 -0.0664154865
v 0.0664154865 -0.00330242751 -0.102375253
v 0.0664154865 -0.00256855473 -0.102375253
v 0.102375253 -0.00256855473 -0.0664154865
v 0.102375253 0.00256855473 -0.0664154865
v 0.102375253 0.00330242751 -0.0664154865
v 0.102375253 0.00330242751 0.0664154865
v 0.102375253 0.00256855473 0.0664154865
v 0.0664154865 0.00330242751 -0.102375253
v 0.102375253 0.00330242751 -0.0664154865
v 0.102375253 0.00256855473 -0.0664154865
v 0.0664154865 0.00256855473 -0.102375253
v -0.0664154865 -0.00256855473 -0.102375253
v 0.0664154865 -0.00256855473 -0.102375253
v 0.0664154865 -0.00330242751 -0.102375253
v 0.00036693639 -0.00330242751 -0.102375253
v -0.0664154865 -0.00330242751 -0.102375253
v -0.0664154865 -0.00330242751 -0.102375253
v -0.102375253 -0.00330242751 -0.0664154865
v -0.102375253 -0.00256855473 -0.0664154865
v -0.0664154865 -0.00256855473 -0.102375253
v 0.00036693639 0.00330242751 -0.102375253
v 0.0664154865 0.00330242751 -0.102375253
v 0.0664154865 0.00256855473 -0.102375253
v -0.0664154865 0.00256855473 -0.102375253
v -0.0664154865 0.00330242751 -0.102375253
v -0.102375253 0.00330242751 -0.0664154865
v -0.0664154865 0.00330242751 -0.102375253
v -0.0664154865 0.00256855473 -0.102375253
v -0.102375253 0.00256855473 -0.0664154865
v -0.102375253 -0.00330242751 -0.0664154865
v -0.102375253 -0.00330242751 0.0664154865
v -0.102375253 -0.00256855473 0.0664154865
v -0.102375253 -0.00256855473 -0.0664154865
v -0.0664154865 0.00256855473 0.102375253
v -0.0664154865 0.00330242751 0.102375253
v -0.102375253 0.00330242751 0.0664154865
v -0.102375253 0.00256855473 0.0664154865
v 0.00036693639 -0.00330242751 0.102375253
v 0.0664154865 -0.00330242751 0.102375253
v 0.0664154865 -0.00256855473 0.102375253
v -0.0664154865 -0.00256855473 0.102375253
v -0.0664154865 -0.00330242751 0.102375253
v -0.102375253 -0.00330242751 0.0664154865
v -0.0664154865 -0.00330242751 0.102375253
v -0.0664154865 -0.00256855473 0.102375253
v -0.102375253 -0.00256855473 0.0664154865
v -0.102375253 0.00330242751 0.0664154865
v -0.102375253 0.00330242751 -0.0664154865
v -0.102375253 0.00256855473 -0.0664154865
v -0.102375253 0.00256855473 0.0664154865
v -0.0627461226 0.0253186109 0.0950365249
v -0.0950365249 0.0253186109 0.0627461226
v -0.0840284332 0.0253186109 0.0568751404
v -0.0568751404 0.0253186109 0.0840284332
v -0.0840284332 0.00256855473 0.0568751404
v -0.0840284332 0.0253186109 0.0568751404
v -0.0840284332 0.0253186109 -0.0568751404
v -0.0840284332 0.00256855473 -0.0568751404
v -0.0840284332 -0.00256855473 0.0568751404
v -0.0840284332 -0.00256855473 -0.0568751404
v -0.0840284332 -0.0253186109 0.0568751404
v -0.0840284332 -0.0253186109 -0.0568751404
v 0.0627461226 -0.0253186109 -0.0950365249
v -0.0627461226 -0.0253186109 -0.0950365249
v -0.0568751404 -0.0253186109 -0.0840284332
v 0.0568751404 -0.0253186109 -0.0840284332
v 0.0950365249 -0.0253186109 -0.0627461226
v 0.0568751404 -0.0253186109 -0.0840284332
v 0.0840284332 -0.0253186109 -0.0568751404
v 0.0950365249 -0.0253186109 0.0627461226
v 0.0950365249 -0.0253186109 -0.0627461226
v 0.0840284332 -0.0253186109 0.0568751404
v 0.0950365249 0.0253186109 -0.0627461226
v 0.0950365249 0.0253186109 0.0627461226
v 0.0840284332 0.0253186109 0.0568751404
v 0.0840284332 0.0253186109 -0.0568751404
v 0.0568751404 0.00256855473 0.0840284332
v 0.0568751404 0.0253186109 0.0840284332
v -0.0568751404 0.0253186109 0.0840284332
v -0.0568751404 0.00256855473 0.0840284332
v 0.0568751404 -0.00256855473 0.0840284332
v -0.0568751404 -0.00256855473 0.0840284332
v 0.0568751404 -0.0253186109 0.0840284332
v -0.0568751404 -0.0253186109 0.0840284332
v 0.0568751404 -0.00256855473 -0.0840284332
v 0.0568751404 -0.0253186109 -0.0840284332
v -0.0568751404 -0.0253186109 -0.0840284332
v -0.0568751404 -0.00256855473 -0.0840284332
v 0.0568751404 0.00256855473 -0.0840284332
v -0.0568751404 0.00256855473 -0.0840284332
v 0.0568751404 0.0253186109 -0.0840284332
v -0.0568751404 0.0253186109 -0.0840284332
v -0.0664154865 -0.00256855473 -0.102375253
v -0.0664154865 -0.0179798831 -0.102375253
v 0.0664154865 -0.0179798831 -0.102375253
v 0.0664154865 -0.00256855473 -0.102375253
v 0.0627461226 0.0253186109 -0.0950365249
v 0.0950365249 0.0253186109 -0.0627461226
v 0.0840284332 0.0253186109 -0.0568751404
v 0.0568751404 0.0253186109 -0.0840284332
v -0.0627461226 0.0253186109 -0.0950365249
v 0.0627461226 0.0253186109 -0.0950365249
v -0.0568751404 0.0253186109 -0.0840284332
v 0.0627461226 0.0253186109 0.0950365249
v -0.0627461226 0.0253186109 0.0950365249
v -0.0568751404 0.0253186109 0.0840284332
v 0.0568751404 0.0253186109 0.0840284332
v -0.0627461226 -0.0253186109 -0.0950365249
v -0.0950365249 -0.0253186109 -0.0627461226
v -0.0840284332 -0.0253186109 -0.0568751404
v -0.0568751404 -0.0253186109 -0.0840284332
v 0.102375253 -0.00256855473 -0.0664154865
v 0.102375253 -0.0179798831 -0.0664154865
v 0.102375253 -0.0179798831 0.0664154865
v 0.102375253 -0.00256855473 0.0664154865
v 0.102375253 0.00256855473 0.0664154865
v 0.102375253 0.0179798831 0.0664154865
v 0.102375253 0.0179798831 -0.0664154865
v 0.102375253 0.00256855473 -0.0664154865
v 0.0664154865 0.00256855473 -0.102375253
v 0.0664154865 0.0179798831 -0.102375253
v -0.0664154865 0.0179798831 -0.102375253
v -0.0664154865 0.00256855473 -0.102375253
v 0.102375253 0.00256855473 -0.0664154865
v 0.102375253 0.0179798831 -0.0664154865
v 0.0664154865 0.0179798831 -0.102375253
v 0.0664154865 0.00256855473 -0.102375253
v -0.102375253 0.00256855473 -0.0664154865
v -0.102375253 0.0179798831 -0.0664154865
v -0.102375253 0.0179798831 0.0664154865
v -0.102375253 0.00256855473 0.0664154865
v 0.0664154865 -0.00256855473 0.102375253
v 0.0664154865 -0.0179798831 0.102375253
v -0.0664154865 -0.0179798831 0.102375253
v -0.0664154865 -0.00256855473 0.102375253
v -0.0664154865 -0.00256855473 0.102375253
v -0.0664154865 -0.0179798831 0.102375253
v -0.102375253 -0.0179798831 0.0664154865
v -0.102375253 -0.00256855473 0.0664154865
v -0.102375253 -0.00256855473 0.0664154865
v -0.102375253 -0.0179798831 0.0664154865
v -0.102375253 -0.0179798831 -0.0664154865
v -0.102375253 -0.00256855473 -0.0664154865
v -0.0950365249 0.0253186109 -0.0627461226
v -0.0627461226 0.0253186109 -0.0950365249
v -0.0568751404 0.0253186109 -0.0840284332
v -0.0840284332 0.0253186109 -0.0568751404
v 0.0664154865 -0.00256855473 -0.102375253
v 0.0664154865 -0.0179798831 -0.102375253
v 0.102375253 -0.0179798831 -0.0664154865
v 0.102375253 -0.00256855473 -0.0664154865
v -0.102375253 -0.00256855473 -0.0664154865
v -0.102375253 -0.0179798831 -0.0664154865
v -0.0664154865 -0.0179798831 -0.102375253
v -0.0664154865 -0.00256855473 -0.102375253
v -0.102375253 0.00256855473 0.0664154865
v -0.102375253 0.0179798831 0.0664154865
v -0.0664154865 0.0179798831 0.102375253
v -0.0664154865 0.00256855473 0.102375253
v 0.0568751404 0.00256855473 -0.0840284332
v 0.0568751404 0.0253186109 -0.0840284332
v 0.0840284332 0.0253186109 -0.0568751404
v 0.0840284332 0.00256855473 -0.0568751404
v 0.0568751404 -0.00256855473 -0.0840284332
v 0.0840284332 -0.00256855473 -0.0568751404
v 0.0568751404 -0.0253186109 -0.0840284332
v 0.0840284332 -0.0253186109 -0.0568751404
v 0.0950365249 0.0253186109 0.0627461226
v 0.0627461226 0.0253186109 0.0950365249
v 0.0568751404 0.0253186109 0.0840284332
v 0.0840284332 0.0253186109 0.0568751404
v -0.0950365249 -0.0253186109 -0.0627461226
v -0.0950365249 -0.0253186109 0.0627461226
v -0.0840284332 -0.0253186109 0.0568751404
v -0.0840284332 -0.0253186109 -0.0568751404
v -0.0627461226 -0.0253186109 0.0950365249
v 0.0627461226 -0.0253186109 0.0950365249
v 0.0568751404 -0.0253186109 0.0840284332
v -0.0568751404 -0.0253186109 0.0840284332
v 0.102375253 -0.00256855473 0.0664154865
v 0.102375253 -0.0179798831 0.0664154865
v 0.0664154865 -0.0179798831 0.102375253
v 0.0664154865 -0.00256855473 0.102375253
v -0.0664154865 0.00256855473 -0.102375253
v -0.0664154865 0.0179798831 -0.102375253
v -0.102375253 0.0179798831 -0.0664154865
v -0.102375253 0.00256855473 -0.0664154865
v -0.0950365249 0.0253186109 0.0627461226
v -0.0950365249 0.0253186109 -0.0627461226
v -0.0840284332 0.0253186109 -0.0568751404
v -0.0840284332 0.0253186109 0.0568751404
v -0.0627461226 0.0253186109 0.0950365249
v -0.0664154865 0.0179798831 0.102375253
v -0.102375253 0.0179798831 0.0664154865
v -0.0950365249 0.0253186109 0.0627461226
v 0.0950365249 -0.0253186109 -0.0627461226
v 0.102375253 -0.0179798831 -0.0664154865
v 0.0664154865 -0.0179798831 -0.102375253
v 0.0627461226 -0.0253186109 -0.0950365249
v -0.0950365249 -0.0253186109 -0.0627461226
v -0.102375253 -0.0179798831 -0.0664154865
v -0.102375253 -0.0179798831 0.0664154865
v -0.0950365249 -0.0253186109 0.0627461226
v 0.0950365249 -0.0253186109 0.0627461226
v 0.102375253 -0.0179798831 0.0664154865
v 0.102375253 -0.0179798831 -0.0664154865
v 0.0950365249 -0.0253186109 -0.0627461226
v -0.0664154865 0.0179798831 -0.102375253
v -0.0627461226 0.0253186109 -0.0950365249
v -0.0950365249 0.0253186109 -0.0627461226
v -0.102375253 0.0179798831 -0.0664154865
v 0.0664154865 0.0179798831 0.102375253
v 0.0627461226 0.0253186109 0.0950365249
v 0.0950365249 0.0253186109 0.0627461226
v 0.102375253 0.0179798831 0.0664154865
v 0.0664154865 0.0179798831 -0.102375253
v 0.0627461226 0.0253186109 -0.0950365249
v -0.0627461226 0.0253186109 -0.0950365249
v -0.0664154865 0.0179798831 -0.102375253
v 0.102375253 0.0179798831 0.0664154865
v 0.0950365249 0.0253186109 0.0627461226
v 0.0950365249 0.0253186109 -0.0627461226
v 0.102375253 0.0179798831 -0.0664154865
v 0.0627461226 -0.0253186109 0.0950365249
v 0.0664154865 -0.0179798831 0.102375253
v 0.102375253 -0.0179798831 0.0664154865
v 0.0950365249 -0.0253186109 0.0627461226
v 0.0627461226 0.0253186109 0.0950365249
v 0.0664154865 0.0179798831 0.102375253
v -0.0664154865 0.0179798831 0.102375253
v -0.0627461226 0.0253186109 0.0950365249
v 0.102375253 0.0179798831 -0.0664154865
v 0.0950365249 0.0253186109 -0.0627461226
v 0.0627461226 0.0253186109 -0.0950365249
v 0.0664154865 0.0179798831 -0.102375253
v 0.0627461226 -0.0253186109 -0.0950365249
v 0.0664154865 -0.0179798831 -0.102375253
v -0.0664154865 -0.0179798831 -0.102375253
v -0.0627461226 -0.0253186109 -0.0950365249
v -0.0627461226 -0.0253186109 -0.0950365249
v -0.0664154865 -0.0179798831 -0.102375253
v -0.102375253 -0.0179798831 -0.0664154865
v -0.0950365249 -0.0253186109 -0.0627461226
v 0.0664154865 -0.0179798831 0.102375253
v 0.0627461226 -0.0253186109 0.0950365249
v -0.0627461226 -0.0253186109 0.0950365249
v -0.0664154865 -0.0179798831 0.102375253
v -0.0664154865 -0.0179798831 0.102375253
v -0.0627461226 -0.0253186109 0.0950365249
v -0.0950365249 -0.0253186109 0.0627461226
v -0.102375253 -0.0179798831 0.0664154865
v -0.102375253 0.0179798831 -0.0664154865
v -0.0950365249 0.0253186109 -0.0627461226
v -0.0950365249 0.0253186109 0.0627461226
v -0.102375253 0.0179798831 0.0664154865
v -0.0664154865 0.00256855473 0.102375253
v -0.0664154865 0.0179798831 0.102375253
v 0.0664154865 0.0179798831 0.102375253
v 0.0664154865 0.00256855473 0.102375253
v 0.0612783771 -0.0598106315 -0.307125758
v 0.122189818 -0.00330242751 -0.294649921
v 0.119988199 -0.0598106315 -0.288778939
v 0.0620122498 -0.00330242751 -0.31299674
v 0.177230276 -0.00330242751 -0.26529501
v 0.00036693639 -0.0598106315 -0.31299674
v 0.173560912 -0.0598106315 -0.2601579
v 0.00036693639 -0.00330242751 -0.318867723
v 0.22566588 -0.00330242751 -0.22566588
v -0.0612783771 -0.0598106315 -0.307125758
v 0.221262643 -0.0598106315 -0.221262643
v -0.0620122498 -0.00330242751 -0.31299674
v 0.26529501 -0.00330242751 -0.177230276
v -0.119988199 -0.0598106315 -0.288778939
v 0.2601579 -0.0598106315 -0.173560912
v -0.122189818 -0.00330242751 -0.294649921
v 0.294649921 -0.00330242751 -0.122189818
v -0.173560912 -0.0598106315 -0.2601579
v 0.288778939 -0.0598106315 -0.119988199
v -0.177230276 -0.00330242751 -0.26529501
v 0.31299674 -0.00330242751 -0.0620122498
v -0.221262643 -0.0598106315 -0.221262643
v 0.307125758 -0.0598106315 -0.0612783771
v -0.22566588 -0.00330242751 -0.22566588
v 0.318867723 -0.00330242751 -0.00036693639
v -0.2601579 -0.0598106315 -0.173560912
v 0.31299674 -0.0598106315 -0.00036693639
v -0.26529501 -0.00330242751 -0.177230276
v 0.31299674 -0.00330242751 0.0620122498
v -0.288778939 -0.0598106315 -0.119988199
v 0.307125758 -0.0598106315 0.0612783771
v -0.294649921 -0.00330242751 -0.122189818
v 0.294649921 -0.00330242751 0.122189818
v -0.307125758 -0.0598106315 -0.0612783771
v 0.288778939 -0.0598106315 0.119988199
v -0.31299674 -0.00330242751 -0.0620122498
v 0.26529501 -0.00330242751 0.177230276
v -0.31299674 -0.0598106315 -0.00036693639
v 0.2601579 -0.0598106315 0.173560912
v -0.318867723 -0.00330242751 -0.00036693639
v 0.22566588 -0.00330242751 0.22566588
v -0.307125758 -0.0598106315 0.0612783771
v 0.221262643 -0.0598106315 0.221262643
v -0.31299674 -0.00330242751 0.0620122498
v 0.177230276 -0.00330242751 0.26529501
v -0.288778939 -0.0598106315 0.119988199
v 0.173560912 -0.0598106315 0.2601579
v -0.294649921 -0.00330242751 0.122189818
v 0.122189818 -0.00330242751 0.294649921
v -0.2601579 -0.0598106315 0.173560912
v 0.119988199 -0.0598106315 0.288778939
v -0.26529501 -0.00330242751 0.177230276
v 0.0620122498 -0.00330242751 0.31299674
v -0.221262643 -0.0598106315 0.221262643
v 0.0612783771 -0.0598106315 0.307125758
v -0.22566588 -0.00330242751 0.22566588
v 0.00036693639 -0.00330242751 0.318867723
v -0.173560912 -0.0598106315 0.2601579
v 0.00036693639 -0.0598106315 0.31299674
v -0.177230276 -0.00330242751 0.26529501
v -0.0620122498 -0.00330242751 0.31299674
v -0.119988199 -0.0598106315 0.288778939
v -0.0612783771 -0.0598106315 0.307125758
v -0.122189818 -0.00330242751 0.294649921
v 0.119988199 0.0598106315 -0.288778939
v 0.122189818 0.00330242751 -0.294649921
v 0.0620122498 0.00330242751 -0.31299674
v 0.0612783771 0.0598106315 -0.307125758
v 0.173560912 0.0598106315 -0.2601579
v 0.00036693639 0.00330242751 -0.318867723
v 0.177230276 0.00330242751 -0.26529501
v 0.00036693639 0.0598106315 -0.31299674
v 0.221262643 0.0598106315 -0.221262643
v -0.0620122498 0.00330242751 -0.31299674
v 0.22566588 0.00330242751 -0.22566588
v -0.0612783771 0.0598106315 -0.307125758
v 0.2601579 0.0598106315 -0.173560912
v -0.122189818 0.00330242751 -0.294649921
v 0.26529501 0.00330242751 -0.177230276
v -0.119988199 0.0598106315 -0.288778939
v 0.288778939 0.0598106315 -0.119988199
v -0.177230276 0.00330242751 -0.26529501
v 0.294649921 0.00330242751 -0.122189818
v -0.173560912 0.0598106315 -0.2601579
v 0.307125758 0.0598106315 -0.0612783771
v -0.22566588 0.00330242751 -0.22566588
v 0.31299674 0.00330242751 -0.0620122498
v -0.221262643 0.0598106315 -0.221262643
v 0.31299674 0.0598106315 -0.00036693639
v -0.26529501 0.00330242751 -0.177230276
v 0.318867723 0.00330242751 -0.00036693639
v -0.2601579 0.0598106315 -0.173560912
v 0.307125758 0.0598106315 0.0612783771
v -0.294649921 0.00330242751 -0.122189818
v 0.31299674 0.00330242751 0.0620122498
v -0.288778939 0.0598106315 -0.119988199
v 0.288778939 0.0598106315 0.119988199
v -0.31299674 0.00330242751 -0.0620122498
v 0.294649921 0.00330242751 0.122189818
v -0.307125758 0.0598106315 -0.0612783771
v 0.2601579 0.0598106315 0.173560912
v -0.318867723 0.00330242751 -0.00036693639
v 0.26529501 0.00330242751 0.177230276
v -0.31299674 0.0598106315 -0.00036693639
v 0.221262643 0.0598106315 0.221262643
v -0.31299674 0.00330242751 0.0620122498
v 0.22566588 0.00330242751 0.22566588
v -0.307125758 0.0598106315 0.0612783771
v 0.173560912 0.0598106315 0.2601579
v -0.294649921 0.00330242751 0.122189818
v 0.177230276 0.00330242751 0.26529501
v -0.288778939 0.0598106315 0.119988199
v 0.119988199 0.0598106315 0.288778939
v -0.26529501 0.00330242751 0.177230276
v 0.122189818 0.00330242751 0.294649921
v -0.2601579 0.0598106315 0.173560912
v 0.0612783771 0.0598106315 0.307125758
v -0.22566588 0.00330242751 0.22566588
v 0.0620122498 0.00330242751 0.31299674
v -0.221262643 0.0598106315 0.221262643
v 0.00036693639 0.0598106315 0.31299674
v -0.177230276 0.00330242751 0.26529501
v 0.00036693639 0.00330242751 0.318867723
v -0.173560912 0.0598106315 0.2601579
v -0.0612783771 0.0598106315 0.307125758
v -0.122189818 0.00330242751 0.294649921
v -0.0620122498 0.00330242751 0.31299674
v -0.119988199 0.0598106315 0.288778939
vt 0.0779546193 0.0430502613
vt 0.0779546193 0.00426764134
vt 0.0159024273 0.00426764134
vt 0.0159024273 0.0430502613
vt 0.0779546193 0.0779546193
vt 0.0159024273 0.0779546193
vt 0.0779546193 0.116737239
vt 0.0159024273 0.116737239
vt 0.0779546193 0.155519859
vt 0.0159024273 0.155519859
vt 0.0779546193 0.190424217
vt 0.0159024273 0.190424217
vt 0.0779546193 0.229206837
vt 0.0159024273 0.229206837
vt 0.0779546193 0.264111195
vt 0.0159024273 0.264111195
vt 0.0779546193 0.302893815
vt 0.0159024273 0.302893815
vt 0.0779546193 0.341676435
vt 0.0159024273 0.341676435
vt 0.0779546193 0.376580793
vt 0.0159024273 0.376580793
vt 0.0779546193 0.415363413
vt 0.0159024273 0.415363413
vt 0.0779546193 0.454146033
vt 0.0159024273 0.454146033
vt 0.0779546193 0.489050391
vt 0.0159024273 0.489050391
vt 0.0779546193 0.527833011
vt 0.0159024273 0.527833011
vt 0.0779546193 0.566615631
vt 0.0159024273 0.566615631
vt 0.0779546193 0.601519989
vt 0.0159024273 0.601519989
vt 0.0159024273 0.00426764134
vt 0.0779546193 0.0430502613
vt 0.0779546193 0.00426764134
vt 0.0159024273 0.0430502613
vt 0.0779546193 0.0779546193
vt 0.0159024273 0.0779546193
vt 0.0779546193 0.116737239
vt 0.0159024273 0.116737239
vt 0.0779546193 0.155519859
vt 0.0159024273 0.155519859
vt 0.0779546193 0.190424217
vt 0.0159024273 0.190424217
vt 0.0779546193 0.229206837
vt 0.0159024273 0.229206837
vt 0.0779546193 0.264111195
vt 0.0159024273 0.264111195
vt 0.0779546193 0.302893815
vt 0.0159024273 0.302893815
vt 0.0779546193 0.341676435
vt 0.0159024273 0.341676435
vt 0.0779546193 0.376580793
vt 0.0159024273 0.376580793
vt 0.0779546193 0.415363413
vt 0.0159024273 0.415363413
vt 0.0779546193 0.454146033
vt 0.0159024273 0.454146033
vt 0.0779546193 0.489050391
vt 0.0159024273 0.489050391
vt 0.0779546193 0.527833011
vt 0.0159024273 0.527833011
vt 0.0779546193 0.566615631
vt 0.0159024273 0.566615631
vt 0.0779546193 0.601519989
vt 0.0159024273 0.601519989
vt 0.884633114 0.834215709
vt 0.919537472 0.803189613
vt 0.888511376 0.803189613
vt 0.91565921 0.838093971
vt 0.87687659 0.861363543
vt 0.904024424 0.872998329
vt 0.861363543 0.888511376
vt 0.888511376 0.904024424
vt 0.841972233 0.911780948
vt 0.865241805 0.931172258
vt 0.818702661 0.931172258
vt 0.838093971 0.95444183
vt 0.791554827 0.942807044
vt 0.807067875 0.97383314
vt 0.764406993 0.95444183
vt 0.772163517 0.981589664
vt 0.733380897 0.95444183
vt 0.733380897 0.985467926
vt 0.706233063 0.95444183
vt 0.698476539 0.981589664
vt 0.675206967 0.942807044
vt 0.663572181 0.97383314
vt 0.651937395 0.931172258
vt 0.632546085 0.95444183
vt 0.628667823 0.911780948
vt 0.605398251 0.931172258
vt 0.609276513 0.888511376
vt 0.582128679 0.904024424
vt 0.593763465 0.861363543
vt 0.566615631 0.872998329
vt 0.586006941 0.834215709
vt 0.554980845 0.838093971
vt 0.582128679 0.803189613
vt 0.551102583 0.803189613
vt 0.861363543 0.841972233
vt 0.849728757 0.872998329
vt 0.818702661 0.857485281
vt 0.834215709 0.830337447
vt 0.791554827 0.834215709
vt 0.810946137 0.810946137
vt 0.768285255 0.807067875
vt 0.791554827 0.787676565
vt 0.748893945 0.776041779
vt 0.776041779 0.764406993
vt 0.737259159 0.741137421
vt 0.768285255 0.733380897
vt 0.733380897 0.706233063
vt 0.764406993 0.706233063
vt 0.737259159 0.671328705
vt 0.768285255 0.675206967
vt 0.745015683 0.636424347
vt 0.776041779 0.648059133
vt 0.764406993 0.601519989
vt 0.787676565 0.620911299
vt 0.783798303 0.574372155
vt 0.807067875 0.597641727
vt 0.810946137 0.551102583
vt 0.830337447 0.578250417
vt 0.841972233 0.535589535
vt 0.857485281 0.562737369
vt 0.87687659 0.523954749
vt 0.884633114 0.551102583
vt 0.911780948 0.520076487
vt 0.91565921 0.551102583
vt 0.950563568 0.520076487
vt 0.942807044 0.551102583
vt 0.985467926 0.531711273
vt 0.97383314 0.558859107
vt 0.159398121 0.810946137
vt 0.132250287 0.810946137
vt 0.132250287 0.845850495
vt 0.163276383 0.838093971
vt 0.143885073 0.880754852
vt 0.171032907 0.869120067
vt 0.159398121 0.911780948
vt 0.186545955 0.8962679
vt 0.182667693 0.938928782
vt 0.205937265 0.919537472
vt 0.209815527 0.962198354
vt 0.229206837 0.938928782
vt 0.244719885 0.977711402
vt 0.256354671 0.950563568
vt 0.275745981 0.989346188
vt 0.283502505 0.958320092
vt 0.314528601 0.99322445
vt 0.314528601 0.962198354
vt 0.349432959 0.989346188
vt 0.341676435 0.958320092
vt 0.384337317 0.977711402
vt 0.372702531 0.950563568
vt 0.415363413 0.962198354
vt 0.399850365 0.938928782
vt 0.442511247 0.938928782
vt 0.423119937 0.919537472
vt 0.465780819 0.911780948
vt 0.438632985 0.8962679
vt 0.481293867 0.880754852
vt 0.454146033 0.869120067
vt 0.492928653 0.845850495
vt 0.461902557 0.838093971
vt 0.496806915 0.810946137
vt 0.465780819 0.810946137
vt 0.380459055 0.888511376
vt 0.353311221 0.919537472
vt 0.384337317 0.91565921
vt 0.353311221 0.884633114
vt 0.388215579 0.857485281
vt 0.357189483 0.849728757
vt 0.395972103 0.830337447
vt 0.368824269 0.814824399
vt 0.415363413 0.803189613
vt 0.388215579 0.783798303
vt 0.434754723 0.783798303
vt 0.415363413 0.760528731
vt 0.458024295 0.764406993
vt 0.442511247 0.737259159
vt 0.485172129 0.752772207
vt 0.477415605 0.725624373
vt 0.516198225 0.748893945
vt 0.512319963 0.717867849
vt 0.547224321 0.745015683
vt 0.547224321 0.717867849
vt 0.574372155 0.752772207
vt 0.582128679 0.721746111
vt 0.601519989 0.760528731
vt 0.617033037 0.733380897
vt 0.628667823 0.779920041
vt 0.648059133 0.752772207
vt 0.648059133 0.799311351
vt 0.671328705 0.779920041
vt 0.667450443 0.822580923
vt 0.694598277 0.807067875
vt 0.679085229 0.849728757
vt 0.706233063 0.841972233
vt 0.686841753 0.880754852
vt 0.713989587 0.87687659
vt 0.748893945 0.271867719
vt 0.729502635 0.221450313
vt 0.694598277 0.174911169
vt 0.655815657 0.136128549
vt 0.609276513 0.105102453
vt 0.558859107 0.0818328813
vt 0.504563439 0.0701980953
vt 0.562737369 0.330041649
vt 0.547224321 0.271867719
vt 0.504563439 0.248598147
vt 0.446389509 0.0701980953
vt 0.392093841 0.0818328813
vt 0.337798173 0.105102453
vt 0.392093841 0.283502505
vt 0.368824269 0.326163387
vt 0.295137291 0.136128549
vt 0.388215579 0.384337317
vt 0.252476409 0.174911169
vt 0.221450313 0.221450313
vt 0.202059003 0.275745981
vt 0.190424217 0.330041649
vt 0.190424217 0.384337317
vt 0.202059003 0.438632985
vt 0.221450313 0.489050391
vt 0.252476409 0.535589535
vt 0.291259029 0.578250417
vt 0.337798173 0.609276513
vt 0.392093841 0.628667823
vt 0.446389509 0.640302609
vt 0.403728627 0.442511247
vt 0.500685177 0.640302609
vt 0.442511247 0.461902557
vt 0.558859107 0.426998199
vt 0.554980845 0.632546085
vt 0.609276513 0.609276513
vt 0.655815657 0.578250417
vt 0.582128679 0.388215579
vt 0.698476539 0.539467797
vt 0.729502635 0.492928653
vt 0.748893945 0.438632985
vt 0.760528731 0.384337317
vt 0.760528731 0.330041649
vt 0.748893945 0.271867719
vt 0.760528731 0.330041649
vt 0.760528731 0.384337317
vt 0.748893945 0.438632985
vt 0.729502635 0.492928653
vt 0.698476539 0.539467797
vt 0.655815657 0.578250417
vt 0.562737369 0.330041649
vt 0.582128679 0.388215579
vt 0.558859107 0.426998199
vt 0.609276513 0.609276513
vt 0.554980845 0.632546085
vt 0.500685177 0.640302609
vt 0.442511247 0.461902557
vt 0.403728627 0.442511247
vt 0.446389509 0.640302609
vt 0.388215579 0.384337317
vt 0.392093841 0.628667823
vt 0.337798173 0.609276513
vt 0.291259029 0.578250417
vt 0.252476409 0.535589535
vt 0.221450313 0.489050391
vt 0.202059003 0.438632985
vt 0.190424217 0.384337317
vt 0.190424217 0.330041649
vt 0.202059003 0.275745981
vt 0.221450313 0.221450313
vt 0.252476409 0.174911169
vt 0.295137291 0.136128549
vt 0.368824269 0.326163387
vt 0.337798173 0.105102453
vt 0.392093841 0.283502505
vt 0.504563439 0.248598147
vt 0.392093841 0.0818328813
vt 0.446389509 0.0701980953
vt 0.504563439 0.0701980953
vt 0.547224321 0.271867719
vt 0.558859107 0.0818328813
vt 0.609276513 0.105102453
vt 0.655815657 0.136128549
vt 0.694598277 0.174911169
vt 0.729502635 0.221450313
vt 0.95444183 0.682963491
vt 0.942807044 0.682963491
vt 0.942807044 0.706233063
vt 0.95444183 0.706233063
vt 0.958320092 0.682963491
vt 0.958320092 0.706233063
vt 0.97383314 0.682963491
vt 0.97383314 0.706233063
vt 0.958320092 0.8962679
vt 0.97383314 0.8962679
vt 0.97383314 0.872998329
vt 0.958320092 0.872998329
vt 0.95444183 0.8962679
vt 0.95444183 0.872998329
vt 0.942807044 0.8962679
vt 0.942807044 0.872998329
vt 0.95444183 0.586006941
vt 0.942807044 0.586006941
vt 0.942807044 0.609276513
vt 0.95444183 0.609276513
vt 0.958320092 0.586006941
vt 0.958320092 0.609276513
vt 0.97383314 0.586006941
vt 0.97383314 0.609276513
vt 0.171032907 0.586006941
vt 0.186545955 0.601519989
vt 0.178789431 0.605398251
vt 0.167154645 0.589885203
vt 0.0779546193 0.741137421
vt 0.0818328813 0.745015683
vt 0.0663198333 0.760528731
vt 0.0585633093 0.756650469
vt 0.128372025 0.779920041
vt 0.105102453 0.783798303
vt 0.108980715 0.776041779
vt 0.128372025 0.776041779
vt 0.95444183 0.799311351
vt 0.942807044 0.799311351
vt 0.942807044 0.872998329
vt 0.95444183 0.872998329
vt 0.958320092 0.799311351
vt 0.958320092 0.872998329
vt 0.97383314 0.799311351
vt 0.97383314 0.872998329
vt 0.178789431 0.574372155
vt 0.198180741 0.593763465
vt 0.198180741 0.593763465
vt 0.178789431 0.574372155
vt 0.140006811 0.717867849
vt 0.0779546193 0.741137421
vt 0.0779546193 0.741137421
vt 0.108980715 0.729502635
vt 0.140006811 0.717867849
vt 0.0585633093 0.756650469
vt 0.0585633093 0.756650469
vt 0.0779546193 0.741137421
vt 0.0779546193 0.741137421
vt 0.198180741 0.593763465
vt 0.225328575 0.655815657
vt 0.225328575 0.655815657
vt 0.198180741 0.593763465
vt 0.225328575 0.655815657
vt 0.225328575 0.682963491
vt 0.225328575 0.682963491
vt 0.225328575 0.655815657
vt 0.0275372133 0.810946137
vt 0.0275372133 0.810946137
vt 0.0585633093 0.756650469
vt 0.0585633093 0.756650469
vt 0.0236589513 0.838093971
vt 0.0275372133 0.810946137
vt 0.0275372133 0.810946137
vt 0.0236589513 0.838093971
vt 0.202059003 0.745015683
vt 0.225328575 0.682963491
vt 0.225328575 0.682963491
vt 0.213693789 0.713989587
vt 0.202059003 0.745015683
vt 0.202059003 0.745015683
vt 0.186545955 0.760528731
vt 0.186545955 0.760528731
vt 0.202059003 0.745015683
vt 0.0314154753 0.869120067
vt 0.0236589513 0.838093971
vt 0.0236589513 0.838093971
vt 0.0391719993 0.904024424
vt 0.0391719993 0.904024424
vt 0.0546850473 0.923415734
vt 0.0391719993 0.904024424
vt 0.0391719993 0.904024424
vt 0.0546850473 0.923415734
vt 0.186545955 0.760528731
vt 0.132250287 0.791554827
vt 0.132250287 0.791554827
vt 0.186545955 0.760528731
vt 0.140006811 0.97383314
vt 0.140006811 0.97383314
vt 0.112858977 0.966076616
vt 0.112858977 0.966076616
vt 0.143885073 0.554980845
vt 0.178789431 0.574372155
vt 0.178789431 0.574372155
vt 0.112858977 0.539467797
vt 0.112858977 0.539467797
vt 0.132250287 0.791554827
vt 0.108980715 0.795433089
vt 0.108980715 0.795433089
vt 0.132250287 0.791554827
vt 0.112858977 0.966076616
vt 0.0546850473 0.923415734
vt 0.0546850473 0.923415734
vt 0.112858977 0.966076616
vt 0.143885073 0.958320092
vt 0.116737239 0.95444183
vt 0.120615501 0.946685306
vt 0.140006811 0.950563568
vt 0.95444183 0.609276513
vt 0.942807044 0.609276513
vt 0.942807044 0.682963491
vt 0.95444183 0.682963491
vt 0.958320092 0.609276513
vt 0.958320092 0.682963491
vt 0.97383314 0.609276513
vt 0.97383314 0.682963491
vt 0.209815527 0.679085229
vt 0.190424217 0.737259159
vt 0.186545955 0.733380897
vt 0.205937265 0.679085229
vt 0.209815527 0.659693919
vt 0.205937265 0.679085229
vt 0.205937265 0.659693919
vt 0.186545955 0.601519989
vt 0.209815527 0.659693919
vt 0.178789431 0.605398251
vt 0.0391719993 0.814824399
vt 0.0701980953 0.764406993
vt 0.0740763573 0.768285255
vt 0.0469285233 0.818702661
vt 0.95444183 0.8962679
vt 0.942807044 0.8962679
vt 0.942807044 0.966076616
vt 0.95444183 0.966076616
vt 0.958320092 0.8962679
vt 0.958320092 0.966076616
vt 0.97383314 0.8962679
vt 0.97383314 0.966076616
vt 0.958320092 0.776041779
vt 0.97383314 0.776041779
vt 0.97383314 0.706233063
vt 0.958320092 0.706233063
vt 0.95444183 0.776041779
vt 0.95444183 0.706233063
vt 0.942807044 0.776041779
vt 0.942807044 0.706233063
vt 0.202059003 0.745015683
vt 0.194302479 0.741137421
vt 0.217572051 0.679085229
vt 0.225328575 0.682963491
vt 0.0391719993 0.838093971
vt 0.0391719993 0.814824399
vt 0.0469285233 0.818702661
vt 0.0430502613 0.838093971
vt 0.0508067853 0.8962679
vt 0.0391719993 0.838093971
vt 0.0585633093 0.892389638
vt 0.0857111433 0.748893945
vt 0.143885073 0.733380897
vt 0.140006811 0.737259159
vt 0.0895894053 0.756650469
vt 0.190424217 0.737259159
vt 0.178789431 0.752772207
vt 0.174911169 0.748893945
vt 0.186545955 0.733380897
vt 0.225328575 0.655815657
vt 0.213693789 0.659693919
vt 0.190424217 0.597641727
vt 0.198180741 0.593763465
vt 0.0585633093 0.756650469
vt 0.0663198333 0.760528731
vt 0.0352937373 0.814824399
vt 0.0275372133 0.810946137
vt 0.0236589513 0.838093971
vt 0.0314154753 0.834215709
vt 0.0469285233 0.900146162
vt 0.0391719993 0.904024424
vt 0.0275372133 0.810946137
vt 0.0352937373 0.814824399
vt 0.0314154753 0.834215709
vt 0.0236589513 0.838093971
vt 0.0546850473 0.923415734
vt 0.0585633093 0.919537472
vt 0.116737239 0.958320092
vt 0.112858977 0.966076616
vt 0.178789431 0.574372155
vt 0.174911169 0.582128679
vt 0.105102453 0.551102583
vt 0.112858977 0.539467797
vt 0.108980715 0.795433089
vt 0.105102453 0.787676565
vt 0.128372025 0.783798303
vt 0.132250287 0.791554827
vt 0.132250287 0.791554827
vt 0.128372025 0.783798303
vt 0.182667693 0.756650469
vt 0.186545955 0.760528731
vt 0.0624415713 0.91565921
vt 0.0508067853 0.8962679
vt 0.0585633093 0.892389638
vt 0.0701980953 0.911780948
vt 0.225328575 0.682963491
vt 0.217572051 0.679085229
vt 0.213693789 0.659693919
vt 0.225328575 0.655815657
vt 0.186545955 0.760528731
vt 0.182667693 0.756650469
vt 0.194302479 0.741137421
vt 0.202059003 0.745015683
vt 0.112858977 0.966076616
vt 0.116737239 0.958320092
vt 0.143885073 0.966076616
vt 0.140006811 0.97383314
vt 0.95444183 0.776041779
vt 0.942807044 0.776041779
vt 0.942807044 0.799311351
vt 0.95444183 0.799311351
vt 0.958320092 0.776041779
vt 0.958320092 0.799311351
vt 0.97383314 0.776041779
vt 0.97383314 0.799311351
vt 0.0701980953 0.764406993
vt 0.0857111433 0.748893945
vt 0.0895894053 0.756650469
vt 0.0740763573 0.768285255
vt 0.178789431 0.752772207
vt 0.128372025 0.779920041
vt 0.128372025 0.776041779
vt 0.174911169 0.748893945
vt 0.105102453 0.554980845
vt 0.171032907 0.586006941
vt 0.167154645 0.589885203
vt 0.105102453 0.562737369
vt 0.198180741 0.593763465
vt 0.190424217 0.597641727
vt 0.174911169 0.582128679
vt 0.178789431 0.574372155
vt 0.0391719993 0.904024424
vt 0.0469285233 0.900146162
vt 0.0585633093 0.919537472
vt 0.0546850473 0.923415734
vt 0.116737239 0.95444183
vt 0.0624415713 0.91565921
vt 0.0701980953 0.911780948
vt 0.120615501 0.946685306
vt 0.143885073 0.958320092
vt 0.143885073 0.966076616
vt 0.116737239 0.958320092
vt 0.116737239 0.95444183
vt 0.209815527 0.659693919
vt 0.213693789 0.659693919
vt 0.217572051 0.679085229
vt 0.209815527 0.679085229
vt 0.178789431 0.752772207
vt 0.182667693 0.756650469
vt 0.128372025 0.783798303
vt 0.128372025 0.779920041
vt 0.186545955 0.601519989
vt 0.190424217 0.597641727
vt 0.213693789 0.659693919
vt 0.209815527 0.659693919
vt 0.0469285233 0.900146162
vt 0.0508067853 0.8962679
vt 0.0624415713 0.91565921
vt 0.0585633093 0.919537472
vt 0.0818328813 0.745015683
vt 0.0857111433 0.748893945
vt 0.0701980953 0.764406993
vt 0.0663198333 0.760528731
vt 0.0314154753 0.834215709
vt 0.0391719993 0.838093971
vt 0.0508067853 0.8962679
vt 0.0469285233 0.900146162
vt 0.0663198333 0.760528731
vt 0.0701980953 0.764406993
vt 0.0391719993 0.814824399
vt 0.0352937373 0.814824399
vt 0.171032907 0.586006941
vt 0.174911169 0.582128679
vt 0.190424217 0.597641727
vt 0.186545955 0.601519989
vt 0.0857111433 0.748893945
vt 0.0818328813 0.745015683
vt 0.143885073 0.725624373
vt 0.143885073 0.733380897
vt 0.0352937373 0.814824399
vt 0.0391719993 0.814824399
vt 0.0391719993 0.838093971
vt 0.0314154753 0.834215709
vt 0.209815527 0.679085229
vt 0.217572051 0.679085229
vt 0.194302479 0.741137421
vt 0.190424217 0.737259159
vt 0.190424217 0.737259159
vt 0.194302479 0.741137421
vt 0.182667693 0.756650469
vt 0.178789431 0.752772207
vt 0.174911169 0.582128679
vt 0.171032907 0.586006941
vt 0.105102453 0.554980845
vt 0.105102453 0.551102583
vt 0.105102453 0.787676565
vt 0.105102453 0.783798303
vt 0.128372025 0.779920041
vt 0.128372025 0.783798303
vt 0.0585633093 0.919537472
vt 0.0624415713 0.91565921
vt 0.116737239 0.95444183
vt 0.116737239 0.958320092
vt 0.140006811 0.717867849
vt 0.143885073 0.725624373
vt 0.0818328813 0.745015683
vt 0.0779546193 0.741137421
vt 0.171032907 0.516198225
vt 0.252476409 0.535589535
vt 0.209815527 0.570493893
vt 0.221450313 0.489050391
vt 0.291259029 0.578250417
vt 0.147763335 0.454146033
vt 0.256354671 0.620911299
vt 0.202059003 0.438632985
vt 0.337798173 0.609276513
vt 0.136128549 0.388215579
vt 0.310650339 0.659693919
vt 0.190424217 0.384337317
vt 0.392093841 0.628667823
vt 0.136128549 0.322285125
vt 0.372702531 0.682963491
vt 0.190424217 0.330041649
vt 0.446389509 0.640302609
vt 0.143885073 0.256354671
vt 0.438632985 0.698476539
vt 0.202059003 0.275745981
vt 0.500685177 0.640302609
vt 0.171032907 0.194302479
vt 0.504563439 0.698476539
vt 0.221450313 0.221450313
vt 0.554980845 0.632546085
vt 0.209815527 0.136128549
vt 0.570493893 0.686841753
vt 0.252476409 0.174911169
vt 0.609276513 0.609276513
vt 0.256354671 0.0895894053
vt 0.636424347 0.663572181
vt 0.295137291 0.136128549
vt 0.655815657 0.578250417
vt 0.314528601 0.0546850473
vt 0.690720015 0.624789561
vt 0.337798173 0.105102453
vt 0.698476539 0.539467797
vt 0.372702531 0.0275372133
vt 0.741137421 0.578250417
vt 0.392093841 0.0818328813
vt 0.729502635 0.492928653
vt 0.442511247 0.0120241653
vt 0.779920041 0.520076487
vt 0.446389509 0.0701980953
vt 0.748893945 0.438632985
vt 0.512319963 0.0159024273
vt 0.807067875 0.458024295
vt 0.504563439 0.0701980953
vt 0.760528731 0.384337317
vt 0.578250417 0.0275372133
vt 0.818702661 0.388215579
vt 0.558859107 0.0818328813
vt 0.760528731 0.330041649
vt 0.640302609 0.0546850473
vt 0.818702661 0.322285125
vt 0.609276513 0.105102453
vt 0.748893945 0.271867719
vt 0.694598277 0.0934676673
vt 0.803189613 0.256354671
vt 0.655815657 0.136128549
vt 0.729502635 0.221450313
vt 0.741137421 0.140006811
vt 0.776041779 0.194302479
vt 0.694598277 0.174911169
vt 0.209815527 0.570493893
vt 0.252476409 0.535589535
vt 0.221450313 0.489050391
vt 0.171032907 0.516198225
vt 0.256354671 0.620911299
vt 0.202059003 0.438632985
vt 0.291259029 0.578250417
vt 0.147763335 0.454146033
vt 0.310650339 0.659693919
vt 0.190424217 0.384337317
vt 0.337798173 0.609276513
vt 0.136128549 0.388215579
vt 0.372702531 0.682963491
vt 0.190424217 0.330041649
vt 0.392093841 0.628667823
vt 0.136128549 0.322285125
vt 0.438632985 0.698476539
vt 0.202059003 0.275745981
vt 0.446389509 0.640302609
vt 0.143885073 0.256354671
vt 0.504563439 0.698476539
vt 0.221450313 0.221450313
vt 0.500685177 0.640302609
vt 0.171032907 0.194302479
vt 0.570493893 0.686841753
vt 0.252476409 0.174911169
vt 0.554980845 0.632546085
vt 0.209815527 0.136128549
vt 0.636424347 0.663572181
vt 0.295137291 0.136128549
vt 0.609276513 0.609276513
vt 0.256354671 0.0895894053
vt 0.690720015 0.624789561
vt 0.337798173 0.105102453
vt 0.655815657 0.578250417
vt 0.314528601 0.0546850473
vt 0.741137421 0.578250417
vt 0.392093841 0.0818328813
vt 0.698476539 0.539467797
vt 0.372702531 0.0275372133
vt 0.779920041 0.520076487
vt 0.446389509 0.0701980953
vt 0.729502635 0.492928653
vt 0.442511247 0.0120241653
vt 0.807067875 0.458024295
vt 0.504563439 0.0701980953
vt 0.748893945 0.438632985
vt 0.512319963 0.0159024273
vt 0.818702661 0.388215579
vt 0.558859107 0.0818328813
vt 0.760528731 0.384337317
vt 0.578250417 0.0275372133
vt 0.818702661 0.322285125
vt 0.609276513 0.105102453
vt 0.760528731 0.330041649
vt 0.640302609 0.0546850473
vt 0.803189613 0.256354671
vt 0.655815657 0.136128549
vt 0.748893945 0.271867719
vt 0.694598277 0.0934676673
vt 0.776041779 0.194302479
vt 0.694598277 0.174911169
vt 0.729502635 0.221450313
vt 0.741137421 0.140006811
vn 0.968131964 0.0158710158 -0.249937214
vn 0.999873996 0.0158710158 -0.000321587206
vn 0.999873996 0.0158710158 -0.000321587206
vn 0.968131964 0.0158710158 -0.249937214
vn 0.936389933 0.0158710158 -0.350602346
vn 0.936389933 0.0158710158 -0.350602346
vn 0.841163838 0.0158710158 -0.540547416
vn 0.841163838 0.0158710158 -0.540547416
vn 0.714195711 0.0158710158 -0.699766102
vn 0.714195711 0.0158710158 -0.699766102
vn 0.555485553 0.0158710158 -0.831374712
vn 0.555485553 0.0158710158 -0.831374712
vn 0.396775395 0.0158710158 -0.917778512
vn 0.396775395 0.0158710158 -0.917778512
vn 0.206323205 0.0158710158 -0.978355174
vn 0.206323205 0.0158710158 -0.978355174
vn -0.0158710158 0.0158710158 -0.999748079
vn -0.0158710158 0.0158710158 -0.999748079
vn -0.206323205 0.0158710158 -0.978355174
vn -0.206323205 0.0158710158 -0.978355174
vn -0.396775395 0.0158710158 -0.917778512
vn -0.396775395 0.0158710158 -0.917778512
vn -0.555485553 0.0158710158 -0.831374712
vn -0.555485553 0.0158710158 -0.831374712
vn -0.714195711 0.0158710158 -0.699766102
vn -0.714195711 0.0158710158 -0.699766102
vn -0.841163838 0.0158710158 -0.540547416
vn -0.841163838 0.0158710158 -0.540547416
vn -0.936389933 0.0158710158 -0.350602346
vn -0.936389933 0.0158710158 -0.350602346
vn -0.968131964 0.0158710158 -0.249937214
vn -0.968131964 0.0158710158 -0.249937214
vn -0.999873996 0.0158710158 -0.000321587207
vn -0.999873996 0.0158710158 -0.000321587207
vn 0.999873996 0.0158710158 -0.000321587206
vn 0.968131964 0.0158710158 0.249937214
vn 0.999873996 0.0158710158 -0.000321587206
vn 0.968131964 0.0158710158 0.249937214
vn 0.936389933 0.0158710158 0.350602346
vn 0.936389933 0.0158710158 0.350602346
vn 0.841163838 0.0158710158 0.540547416
vn 0.841163838 0.0158710158 0.540547416
vn 0.714195711 0.0158710158 0.699766102
vn 0.714195711 0.0158710158 0.699766102
vn 0.555485553 0.0158710158 0.831374712
vn 0.555485553 0.0158710158 0.831374712
vn 0.396775395 0.0158710158 0.917778512
vn 0.396775395 0.0158710158 0.917778512
vn 0.206323205 0.0158710158 0.978355174
vn 0.206323205 0.0158710158 0.978355174
vn -0.0158710158 0.0158710158 0.999748079
vn -0.0158710158 0.0158710158 0.999748079
vn -0.206323205 0.0158710158 0.978355174
vn -0.206323205 0.0158710158 0.978355174
vn -0.396775395 0.0158710158 0.917778512
vn -0.396775395 0.0158710158 0.917778512
vn -0.555485553 0.0158710158 0.831374712
vn -0.555485553 0.0158710158 0.831374712
vn -0.714195711 0.0158710158 0.699766102
vn -0.714195711 0.0158710158 0.699766102
vn -0.841163838 0.0158710158 0.540547416
vn -0.841163838 0.0158710158 0.540547416
vn -0.936389933 0.0158710158 0.350602346
vn -0.936389933 0.0158710158 0.350602346
vn -0.968131964 0.0158710158 0.249937214
vn -0.968131964 0.0158710158 0.249937214
vn -0.999873996 0.0158710158 -0.000321587207
vn -0.999873996 0.0158710158 -0.000321587207
vn -0.0158710158 0.999873996 -0.000321587207
vn -0.0158710158 0.999873996 -0.000321587207
vn -0.0158710158 0.999873996 -0.000321587207
vn -0.0158710158 0.999873996 -0.000321587207
vn -0.0158710158 0.999873996 -0.000321587207
vn -0.0158710158 0.999873996 -0.000321587207
vn -0.0158710158 0.999873996 -0.000321587207
vn -0.0158710158 0.999873996 -0.000321587207
vn -0.0158710158 0.999873996 -0.000321587207
vn -0.0158710158 0.999873996 -0.000321587207
vn -0.0158710158 0.999873996 -0.000321587207
vn -0.0158710158 0.999873996 -0.000321587207
vn -0.0158710158 0.999873996 -0.000321587207
vn -0.0158710158 0.999873996 -0.000321587207
vn -0.0158710158 0.999873996 -0.000321587207
vn -0.0158710158 0.999873996 -0.000321587207
vn -0.0158710158 0.999873996 -0.000321587207
vn -0.0158710158 0.999873996 -0.000321587207
vn -0.0158710158 0.999873996 -0.000321587207
vn -0.0158710158 0.999873996 -0.000321587207
vn -0.0158710158 0.999873996 -0.000321587207
vn -0.0158710158 0.999873996 -0.000321587207
vn -0.0158710158 0.999873996 -0.000321587207
vn -0.0158710158 0.999873996 -0.000321587207
vn -0.0158710158 0.999873996 -0.000321587207
vn -0.0158710158 0.999873996 -0.000321587207
vn -0.0158710158 0.999873996 -0.000321587207
vn -0.0158710158 0.999873996 -0.000321587207
vn -0.0158710158 0.999873996 -0.000321587207
vn -0.0158710158 0.999873996 -0.000321587207
vn -0.0158710158 0.999873996 -0.000321587207
vn -0.0158710158 0.999873996 -0.000321587207
vn -0.0158710158 0.999873996 -0.000321587207
vn -0.0158710158 0.999873996 -0.000321587207
vn -0.0158710158 -0.999873996 -0.000321587206
vn -0.0158710158 -0.999873996 -0.000321587206
vn -0.0158710158 -0.999873996 -0.000321587206
vn -0.0158710158 -0.999873996 -0.000321587206
vn -0.0158710158 -0.999873996 -0.000321587206
vn -0.0158710158 -0.999873996 -0.000321587206
vn -0.0158710158 -0.999873996 -0.000321587206
vn -0.0158710158 -0.999873996 -0.000321587206
vn -0.0158710158 -0.999873996 -0.000321587206
vn -0.0158710158 -0.999873996 -0.000321587206
vn -0.0158710158 -0.999873996 -0.000321587206
vn -0.0158710158 -0.999873996 -0.000321587206
vn -0.0158710158 -0.999873996 -0.000321587206
vn -0.0158710158 -0.999873996 -0.000321587206
vn -0.0158710158 -0.999873996 -0.000321587206
vn -0.0158710158 -0.999873996 -0.000321587206
vn -0.0158710158 -0.999873996 -0.000321587206
vn -0.0158710158 -0.999873996 -0.000321587206
vn -0.0158710158 -0.999873996 -0.000321587206
vn -0.0158710158 -0.999873996 -0.000321587206
vn -0.0158710158 -0.999873996 -0.000321587206
vn -0.0158710158 -0.999873996 -0.000321587206
vn -0.0158710158 -0.999873996 -0.000321587206
vn -0.0158710158 -0.999873996 -0.000321587206
vn -0.0158710158 -0.999873996 -0.000321587206
vn -0.0158710158 -0.999873996 -0.000321587206
vn -0.0158710158 -0.999873996 -0.000321587206
vn -0.0158710158 -0.999873996 -0.000321587206
vn -0.0158710158 -0.999873996 -0.000321587206
vn -0.0158710158 -0.999873996 -0.000321587206
vn -0.0158710158 -0.999873996 -0.000321587206
vn -0.0158710158 -0.999873996 -0.000321587206
vn -0.0158710158 -0.999873996 -0.000321587206
vn -0.0158710158 -0.999873996 -0.000321587206
vn -0.0158710158 0.999873996 -0.000321587207
vn -0.0158710158 0.999873996 -0.000321587207
vn -0.0158710158 0.999873996 -0.000321587207
vn -0.0158710158 0.999873996 -0.000321587207
vn -0.0158710158 0.999873996 -0.000321587207
vn -0.0158710158 0.999873996 -0.000321587207
vn -0.0158710158 0.999873996 -0.000321587207
vn -0.0158710158 0.999873996 -0.000321587207
vn -0.0158710158 0.999873996 -0.000321587207
vn -0.0158710158 0.999873996 -0.000321587207
vn -0.0158710158 0.999873996 -0.000321587207
vn -0.0158710158 0.999873996 -0.000321587207
vn -0.0158710158 0.999873996 -0.000321587207
vn -0.0158710158 0.999873996 -0.000321587207
vn -0.0158710158 0.999873996 -0.000321587207
vn -0.0158710158 0.999873996 -0.000321587207
vn -0.0158710158 0.999873996 -0.000321587207
vn -0.0158710158 0.999873996 -0.000321587207
vn -0.0158710158 0.999873996 -0.000321587207
vn -0.0158710158 0.999873996 -0.000321587207
vn -0.0158710158 0.999873996 -0.000321587207
vn -0.0158710158 0.999873996 -0.000321587207
vn -0.0158710158 0.999873996 -0.000321587207
vn -0.0158710158 0.999873996 -0.000321587207
vn -0.0158710158 0.999873996 -0.000321587207
vn -0.0158710158 0.999873996 -0.000321587207
vn -0.0158710158 0.999873996 -0.000321587207
vn -0.0158710158 0.999873996 -0.000321587207
vn -0.0158710158 0.999873996 -0.000321587207
vn -0.0158710158 0.999873996 -0.000321587207
vn -0.0158710158 0.999873996 -0.000321587207
vn -0.0158710158 0.999873996 -0.000321587207
vn -0.0158710158 0.999873996 -0.000321587207
vn -0.0158710158 0.999873996 -0.000321587207
vn -0.0158710158 -0.999873996 -0.000321587206
vn -0.0158710158 -0.999873996 -0.000321587206
vn -0.0158710158 -0.999873996 -0.000321587206
vn -0.0158710158 -0.999873996 -0.000321587206
vn -0.0158710158 -0.999873996 -0.000321587206
vn -0.0158710158 -0.999873996 -0.000321587206
vn -0.0158710158 -0.999873996 -0.000321587206
vn -0.0158710158 -0.999873996 -0.000321587206
vn -0.0158710158 -0.999873996 -0.000321587206
vn -0.0158710158 -0.999873996 -0.000321587206
vn -0.0158710158 -0.999873996 -0.000321587206
vn -0.0158710158 -0.999873996 -0.000321587206
vn -0.0158710158 -0.999873996 -0.000321587206
vn -0.0158710158 -0.999873996 -0.000321587206
vn -0.0158710158 -0.999873996 -0.000321587206
vn -0.0158710158 -0.999873996 -0.000321587206
vn -0.0158710158 -0.999873996 -0.000321587206
vn -0.0158710158 -0.999873996 -0.000321587206
vn -0.0158710158 -0.999873996 -0.000321587206
vn -0.0158710158 -0.999873996 -0.000321587206
vn -0.0158710158 -0.999873996 -0.000321587206
vn -0.0158710158 -0.999873996 -0.000321587206
vn -0.0158710158 -0.999873996 -0.000321587206
vn -0.0158710158 -0.999873996 -0.000321587206
vn -0.0158710158 -0.999873996 -0.000321587206
vn -0.0158710158 -0.999873996 -0.000321587206
vn -0.0158710158 -0.999873996 -0.000321587206
vn -0.0158710158 -0.999873996 -0.000321587206
vn -0.0158710158 -0.999873996 -0.000321587206
vn -0.0158710158 -0.999873996 -0.000321587206
vn -0.0158710158 -0.999873996 -0.000321587206
vn -0.0158710158 -0.999873996 -0.000321587206
vn -0.0158710158 -0.999873996 -0.000321587206
vn -0.0158710158 -0.999873996 -0.000321587206
vn -0.0158710158 0.999873996 -0.000321587207
vn -0.0158710158 0.999873996 -0.000321587207
vn -0.0158710158 0.999873996 -0.000321587207
vn -0.0158710158 0.999873996 -0.000321587207
vn -0.0158710158 0.999873996 -0.000321587207
vn -0.0158710158 0.999873996 -0.000321587207
vn -0.0158710158 0.999873996 -0.000321587207
vn -0.0158710158 0.999873996 -0.000321587207
vn -0.0158710158 0.999873996 -0.000321587207
vn -0.0158710158 0.999873996 -0.000321587207
vn -0.0158710158 0.999873996 -0.000321587207
vn -0.0158710158 0.999873996 -0.000321587207
vn -0.0158710158 0.999873996 -0.000321587207
vn -0.0158710158 0.999873996 -0.000321587207
vn -0.0158710158 0.999873996 -0.000321587207
vn -0.0158710158 0.999873996 -0.000321587207
vn -0.0158710158 0.999873996 -0.000321587207
vn -0.0158710158 0.999873996 -0.000321587207
vn -0.0158710158 0.999873996 -0.000321587207
vn -0.0158710158 0.999873996 -0.000321587207
vn -0.0158710158 0.999873996 -0.000321587207
vn -0.0158710158 0.999873996 -0.000321587207
vn -0.0158710158 0.999873996 -0.000321587207
vn -0.0158710158 0.999873996 -0.000321587207
vn -0.0158710158 0.999873996 -0.000321587207
vn -0.0158710158 0.999873996 -0.000321587207
vn -0.0158710158 0.999873996 -0.000321587207
vn -0.0158710158 0.999873996 -0.000321587207
vn -0.0158710158 0.999873996 -0.000321587207
vn -0.0158710158 0.999873996 -0.000321587207
vn -0.0158710158 0.999873996 -0.000321587207
vn -0.0158710158 0.999873996 -0.000321587207
vn -0.0158710158 0.999873996 -0.000321587207
vn -0.0158710158 0.999873996 -0.000321587207
vn -0.0158710158 0.999873996 -0.000321587207
vn -0.0158710158 0.999873996 -0.000321587207
vn -0.0158710158 0.999873996 -0.000321587207
vn -0.0158710158 0.999873996 -0.000321587207
vn -0.0158710158 0.999873996 -0.000321587207
vn -0.0158710158 0.999873996 -0.000321587207
vn -0.0158710158 0.999873996 -0.000321587207
vn -0.0158710158 0.999873996 -0.000321587207
vn -0.0158710158 -0.999873996 -0.000321587206
vn -0.0158710158 -0.999873996 -0.000321587206
vn -0.0158710158 -0.999873996 -0.000321587206
vn -0.0158710158 -0.999873996 -0.000321587206
vn -0.0158710158 -0.999873996 -0.000321587206
vn -0.0158710158 -0.999873996 -0.000321587206
vn -0.0158710158 -0.999873996 -0.000321587206
vn -0.0158710158 -0.999873996 -0.000321587206
vn -0.0158710158 -0.999873996 -0.000321587206
vn -0.0158710158 -0.999873996 -0.000321587206
vn -0.0158710158 -0.999873996 -0.000321587206
vn -0.0158710158 -0.999873996 -0.000321587206
vn -0.0158710158 -0.999873996 -0.000321587206
vn -0.0158710158 -0.999873996 -0.000321587206
vn -0.0158710158 -0.999873996 -0.000321587206
vn -0.0158710158 -0.999873996 -0.000321587206
vn -0.0158710158 -0.999873996 -0.000321587206
vn -0.0158710158 -0.999873996 -0.000321587206
vn -0.0158710158 -0.999873996 -0.000321587206
vn -0.0158710158 -0.999873996 -0.000321587206
vn -0.0158710158 -0.999873996 -0.000321587206
vn -0.0158710158 -0.999873996 -0.000321587206
vn -0.0158710158 -0.999873996 -0.000321587206
vn -0.0158710158 -0.999873996 -0.000321587206
vn -0.0158710158 -0.999873996 -0.000321587206
vn -0.0158710158 -0.999873996 -0.000321587206
vn -0.0158710158 -0.999873996 -0.000321587206
vn -0.0158710158 -0.999873996 -0.000321587206
vn -0.0158710158 -0.999873996 -0.000321587206
vn -0.0158710158 -0.999873996 -0.000321587206
vn -0.0158710158 -0.999873996 -0.000321587206
vn -0.0158710158 -0.999873996 -0.000321587206
vn -0.0158710158 -0.999873996 -0.000321587206
vn -0.0158710158 -0.999873996 -0.000321587206
vn -0.0158710158 -0.999873996 -0.000321587206
vn -0.0158710158 -0.999873996 -0.000321587206
vn -0.0158710158 -0.999873996 -0.000321587206
vn -0.0158710158 -0.999873996 -0.000321587206
vn -0.0158710158 -0.999873996 -0.000321587206
vn -0.0158710158 -0.999873996 -0.000321587206
vn -0.0158710158 -0.999873996 -0.000321587206
vn -0.0158710158 -0.999873996 -0.000321587206
vn 0.714195711 0.0158710158 0.699766102
vn 0.714195711 0.0158710158 0.699766102
vn 0.714195711 0.0158710158 0.699766102
vn 0.714195711 0.0158710158 0.699766102
vn 0.714195711 0.0158710158 0.699766102
vn 0.714195711 0.0158710158 0.699766102
vn 0.714195711 0.0158710158 0.699766102
vn 0.714195711 0.0158710158 0.699766102
vn -0.714195711 0.0158710158 -0.699766102
vn -0.714195711 0.0158710158 -0.699766102
vn -0.714195711 0.0158710158 -0.699766102
vn -0.714195711 0.0158710158 -0.699766102
vn -0.714195711 0.0158710158 -0.699766102
vn -0.714195711 0.0158710158 -0.699766102
vn -0.714195711 0.0158710158 -0.699766102
vn -0.714195711 0.0158710158 -0.699766102
vn 0.714195711 0.0158710158 -0.699766102
vn 0.714195711 0.0158710158 -0.699766102
vn 0.714195711 0.0158710158 -0.699766102
vn 0.714195711 0.0158710158 -0.699766102
vn 0.714195711 0.0158710158 -0.699766102
vn 0.714195711 0.0158710158 -0.699766102
vn 0.714195711 0.0158710158 -0.699766102
vn 0.714195711 0.0158710158 -0.699766102
vn -0.0158710158 -0.999873996 -0.000321587206
vn -0.0158710158 -0.999873996 -0.000321587206
vn -0.0158710158 -0.999873996 -0.000321587206
vn -0.0158710158 -0.999873996 -0.000321587206
vn 0.714195711 0.0158710158 0.699766102
vn 0.714195711 0.0158710158 0.699766102
vn 0.714195711 0.0158710158 0.699766102
vn 0.714195711 0.0158710158 0.699766102
vn -0.0158710158 -0.999873996 -0.000321587206
vn -0.0158710158 -0.999873996 -0.000321587206
vn -0.0158710158 -0.999873996 -0.000321587206
vn -0.0158710158 -0.999873996 -0.000321587206
vn -0.999873996 0.0158710158 -0.000321587207
vn -0.999873996 0.0158710158 -0.000321587207
vn -0.999873996 0.0158710158 -0.000321587207
vn -0.999873996 0.0158710158 -0.000321587207
vn -0.999873996 0.0158710158 -0.000321587207
vn -0.999873996 0.0158710158 -0.000321587207
vn -0.999873996 0.0158710158 -0.000321587207
vn -0.999873996 0.0158710158 -0.000321587207
vn -0.714195711 0.0158710158 -0.699766102
vn -0.714195711 0.0158710158 -0.699766102
vn -0.714195711 0.0158710158 -0.699766102
vn -0.714195711 0.0158710158 -0.699766102
vn -0.0158710158 0.0158710158 -0.999748079
vn -0.0158710158 0.0158710158 -0.999748079
vn -0.0158710158 0.0158710158 -0.999748079
vn -0.0158710158 0.0158710158 -0.999748079
vn -0.0158710158 0.0158710158 -0.999748079
vn -0.714195711 0.0158710158 -0.699766102
vn -0.714195711 0.0158710158 -0.699766102
vn -0.714195711 0.0158710158 -0.699766102
vn -0.714195711 0.0158710158 -0.699766102
vn -0.999873996 0.0158710158 -0.000321587207
vn -0.999873996 0.0158710158 -0.000321587207
vn -0.999873996 0.0158710158 -0.000321587207
vn -0.999873996 0.0158710158 -0.000321587207
vn -0.714195711 0.0158710158 0.699766102
vn -0.714195711 0.0158710158 0.699766102
vn -0.714195711 0.0158710158 0.699766102
vn -0.714195711 0.0158710158 0.699766102
vn -0.999873996 0.0158710158 -0.000321587207
vn -0.999873996 0.0158710158 -0.000321587207
vn -0.999873996 0.0158710158 -0.000321587207
vn -0.999873996 0.0158710158 -0.000321587207
vn -0.714195711 0.0158710158 0.699766102
vn -0.714195711 0.0158710158 0.699766102
vn -0.714195711 0.0158710158 0.699766102
vn -0.714195711 0.0158710158 0.699766102
vn -0.0158710158 0.0158710158 0.999748079
vn -0.0158710158 0.0158710158 0.999748079
vn -0.0158710158 0.0158710158 0.999748079
vn -0.0158710158 0.0158710158 0.999748079
vn -0.0158710158 0.0158710158 0.999748079
vn 0.714195711 0.0158710158 0.699766102
vn 0.714195711 0.0158710158 0.699766102
vn 0.714195711 0.0158710158 0.699766102
vn 0.714195711 0.0158710158 0.699766102
vn -0.0158710158 0.0158710158 0.999748079
vn -0.0158710158 0.0158710158 0.999748079
vn -0.0158710158 0.0158710158 0.999748079
vn -0.0158710158 0.0158710158 0.999748079
vn -0.0158710158 0.0158710158 0.999748079
vn 0.714195711 0.0158710158 0.699766102
vn 0.714195711 0.0158710158 0.699766102
vn 0.714195711 0.0158710158 0.699766102
vn 0.714195711 0.0158710158 0.699766102
vn 0.999873996 0.0158710158 -0.000321587206
vn 0.999873996 0.0158710158 -0.000321587206
vn 0.999873996 0.0158710158 -0.000321587206
vn 0.999873996 0.0158710158 -0.000321587206
vn 0.714195711 0.0158710158 -0.699766102
vn 0.714195711 0.0158710158 -0.699766102
vn 0.714195711 0.0158710158 -0.699766102
vn 0.714195711 0.0158710158 -0.699766102
vn -0.0158710158 0.0158710158 -0.999748079
vn -0.0158710158 0.0158710158 -0.999748079
vn -0.0158710158 0.0158710158 -0.999748079
vn -0.0158710158 0.0158710158 -0.999748079
vn -0.0158710158 0.0158710158 -0.999748079
vn 0.714195711 0.0158710158 -0.699766102
vn 0.714195711 0.0158710158 -0.699766102
vn 0.714195711 0.0158710158 -0.699766102
vn 0.714195711 0.0158710158 -0.699766102
vn 0.999873996 0.0158710158 -0.000321587206
vn 0.999873996 0.0158710158 -0.000321587206
vn 0.999873996 0.0158710158 -0.000321587206
vn 0.999873996 0.0158710158 -0.000321587206
vn -0.0158710158 0.999873996 -0.000321587207
vn -0.0158710158 0.999873996 -0.000321587207
vn -0.0158710158 0.999873996 -0.000321587207
vn -0.0158710158 0.999873996 -0.000321587207
vn 0.999873996 0.0158710158 -0.000321587206
vn 0.999873996 0.0158710158 -0.000321587206
vn 0.999873996 0.0158710158 -0.000321587206
vn 0.999873996 0.0158710158 -0.000321587206
vn 0.999873996 0.0158710158 -0.000321587206
vn 0.999873996 0.0158710158 -0.000321587206
vn 0.999873996 0.0158710158 -0.000321587206
vn 0.999873996 0.0158710158 -0.000321587206
vn -0.0158710158 -0.999873996 -0.000321587206
vn -0.0158710158 -0.999873996 -0.000321587206
vn -0.0158710158 -0.999873996 -0.000321587206
vn -0.0158710158 -0.999873996 -0.000321587206
vn -0.0158710158 -0.999873996 -0.000321587206
vn -0.0158710158 -0.999873996 -0.000321587206
vn -0.0158710158 -0.999873996 -0.000321587206
vn -0.0158710158 -0.999873996 -0.000321587206
vn -0.0158710158 -0.999873996 -0.000321587206
vn -0.0158710158 -0.999873996 -0.000321587206
vn -0.0158710158 0.999873996 -0.000321587207
vn -0.0158710158 0.999873996 -0.000321587207
vn -0.0158710158 0.999873996 -0.000321587207
vn -0.0158710158 0.999873996 -0.000321587207
vn -0.0158710158 0.0158710158 -0.999748079
vn -0.0158710158 0.0158710158 -0.999748079
vn -0.0158710158 0.0158710158 -0.999748079
vn -0.0158710158 0.0158710158 -0.999748079
vn -0.0158710158 0.0158710158 -0.999748079
vn -0.0158710158 0.0158710158 -0.999748079
vn -0.0158710158 0.0158710158 -0.999748079
vn -0.0158710158 0.0158710158 -0.999748079
vn -0.0158710158 0.0158710158 0.999748079
vn -0.0158710158 0.0158710158 0.999748079
vn -0.0158710158 0.0158710158 0.999748079
vn -0.0158710158 0.0158710158 0.999748079
vn -0.0158710158 0.0158710158 0.999748079
vn -0.0158710158 0.0158710158 0.999748079
vn -0.0158710158 0.0158710158 0.999748079
vn -0.0158710158 0.0158710158 0.999748079
vn -0.0158710158 0.0158710158 -0.999748079
vn -0.0158710158 0.0158710158 -0.999748079
vn -0.0158710158 0.0158710158 -0.999748079
vn -0.0158710158 0.0158710158 -0.999748079
vn -0.0158710158 0.999873996 -0.000321587207
vn -0.0158710158 0.999873996 -0.000321587207
vn -0.0158710158 0.999873996 -0.000321587207
vn -0.0158710158 0.999873996 -0.000321587207
vn -0.0158710158 0.999873996 -0.000321587207
vn -0.0158710158 0.999873996 -0.000321587207
vn -0.0158710158 0.999873996 -0.000321587207
vn -0.0158710158 0.999873996 -0.000321587207
vn -0.0158710158 0.999873996 -0.000321587207
vn -0.0158710158 0.999873996 -0.000321587207
vn -0.0158710158 0.999873996 -0.000321587207
vn -0.0158710158 -0.999873996 -0.000321587206
vn -0.0158710158 -0.999873996 -0.000321587206
vn -0.0158710158 -0.999873996 -0.000321587206
vn -0.0158710158 -0.999873996 -0.000321587206
vn 0.999873996 0.0158710158 -0.000321587206
vn 0.999873996 0.0158710158 -0.000321587206
vn 0.999873996 0.0158710158 -0.000321587206
vn 0.999873996 0.0158710158 -0.000321587206
vn 0.999873996 0.0158710158 -0.000321587206
vn 0.999873996 0.0158710158 -0.000321587206
vn 0.999873996 0.0158710158 -0.000321587206
vn 0.999873996 0.0158710158 -0.000321587206
vn -0.0158710158 0.0158710158 -0.999748079
vn -0.0158710158 0.0158710158 -0.999748079
vn -0.0158710158 0.0158710158 -0.999748079
vn -0.0158710158 0.0158710158 -0.999748079
vn 0.714195711 0.0158710158 -0.699766102
vn 0.714195711 0.0158710158 -0.699766102
vn 0.714195711 0.0158710158 -0.699766102
vn 0.714195711 0.0158710158 -0.699766102
vn -0.999873996 0.0158710158 -0.000321587207
vn -0.999873996 0.0158710158 -0.000321587207
vn -0.999873996 0.0158710158 -0.000321587207
vn -0.999873996 0.0158710158 -0.000321587207
vn -0.0158710158 0.0158710158 0.999748079
vn -0.0158710158 0.0158710158 0.999748079
vn -0.0158710158 0.0158710158 0.999748079
vn -0.0158710158 0.0158710158 0.999748079
vn -0.714195711 0.0158710158 0.699766102
vn -0.714195711 0.0158710158 0.699766102
vn -0.714195711 0.0158710158 0.699766102
vn -0.714195711 0.0158710158 0.699766102
vn -0.999873996 0.0158710158 -0.000321587207
vn -0.999873996 0.0158710158 -0.000321587207
vn -0.999873996 0.0158710158 -0.000321587207
vn -0.999873996 0.0158710158 -0.000321587207
vn -0.0158710158 0.999873996 -0.000321587207
vn -0.0158710158 0.999873996 -0.000321587207
vn -0.0158710158 0.999873996 -0.000321587207
vn -0.0158710158 0.999873996 -0.000321587207
vn 0.714195711 0.0158710158 -0.699766102
vn 0.714195711 0.0158710158 -0.699766102
vn 0.714195711 0.0158710158 -0.699766102
vn 0.714195711 0.0158710158 -0.699766102
vn -0.714195711 0.0158710158 -0.699766102
vn -0.714195711 0.0158710158 -0.699766102
vn -0.714195711 0.0158710158 -0.699766102
vn -0.714195711 0.0158710158 -0.699766102
vn -0.714195711 0.0158710158 0.699766102
vn -0.714195711 0.0158710158 0.699766102
vn -0.714195711 0.0158710158 0.699766102
vn -0.714195711 0.0158710158 0.699766102
vn -0.714195711 0.0158710158 0.699766102
vn -0.714195711 0.0158710158 0.699766102
vn -0.714195711 0.0158710158 0.699766102
vn -0.714195711 0.0158710158 0.699766102
vn -0.714195711 0.0158710158 0.699766102
vn -0.714195711 0.0158710158 0.699766102
vn -0.714195711 0.0158710158 0.699766102
vn -0.714195711 0.0158710158 0.699766102
vn -0.0158710158 0.999873996 -0.000321587207
vn -0.0158710158 0.999873996 -0.000321587207
vn -0.0158710158 0.999873996 -0.000321587207
vn -0.0158710158 0.999873996 -0.000321587207
vn -0.0158710158 -0.999873996 -0.000321587206
vn -0.0158710158 -0.999873996 -0.000321587206
vn -0.0158710158 -0.999873996 -0.000321587206
vn -0.0158710158 -0.999873996 -0.000321587206
vn -0.0158710158 -0.999873996 -0.000321587206
vn -0.0158710158 -0.999873996 -0.000321587206
vn -0.0158710158 -0.999873996 -0.000321587206
vn -0.0158710158 -0.999873996 -0.000321587206
vn 0.714195711 0.0158710158 0.699766102
vn 0.714195711 0.0158710158 0.699766102
vn 0.714195711 0.0158710158 0.699766102
vn 0.714195711 0.0158710158 0.699766102
vn -0.714195711 0.0158710158 -0.699766102
vn -0.714195711 0.0158710158 -0.699766102
vn -0.714195711 0.0158710158 -0.699766102
vn -0.714195711 0.0158710158 -0.699766102
vn -0.0158710158 0.999873996 -0.000321587207
vn -0.0158710158 0.999873996 -0.000321587207
vn -0.0158710158 0.999873996 -0.000321587207
vn -0.0158710158 0.999873996 -0.000321587207
vn -0.49200149 0.714195711 0.497854416
vn -0.49200149 0.714195711 0.497854416
vn -0.49200149 0.714195711 0.497854416
vn -0.49200149 0.714195711 0.497854416
vn 0.49200149 -0.714195711 -0.497854416
vn 0.49200149 -0.714195711 -0.497854416
vn 0.49200149 -0.714195711 -0.497854416
vn 0.49200149 -0.714195711 -0.497854416
vn -0.714195711 -0.68245368 -0.155503894
vn -0.714195711 -0.68245368 -0.155503894
vn -0.714195711 -0.68245368 -0.155503894
vn -0.714195711 -0.68245368 -0.155503894
vn 0.714195711 -0.68245368 -0.155503894
vn 0.714195711 -0.68245368 -0.155503894
vn 0.714195711 -0.68245368 -0.155503894
vn 0.714195711 -0.68245368 -0.155503894
vn -0.49200149 0.714195711 -0.497854416
vn -0.49200149 0.714195711 -0.497854416
vn -0.49200149 0.714195711 -0.497854416
vn -0.49200149 0.714195711 -0.497854416
vn 0.49200149 0.714195711 0.497854416
vn 0.49200149 0.714195711 0.497854416
vn 0.49200149 0.714195711 0.497854416
vn 0.49200149 0.714195711 0.497854416
vn -0.0158710158 0.68245368 -0.730756516
vn -0.0158710158 0.68245368 -0.730756516
vn -0.0158710158 0.68245368 -0.730756516
vn -0.0158710158 0.68245368 -0.730756516
vn 0.714195711 0.68245368 -0.155503894
vn 0.714195711 0.68245368 -0.155503894
vn 0.714195711 0.68245368 -0.155503894
vn 0.714195711 0.68245368 -0.155503894
vn 0.49200149 -0.714195711 0.497854416
vn 0.49200149 -0.714195711 0.497854416
vn 0.49200149 -0.714195711 0.497854416
vn 0.49200149 -0.714195711 0.497854416
vn -0.0158710158 0.68245368 0.730756516
vn -0.0158710158 0.68245368 0.730756516
vn -0.0158710158 0.68245368 0.730756516
vn -0.0158710158 0.68245368 0.730756516
vn 0.49200149 0.714195711 -0.497854416
vn 0.49200149 0.714195711 -0.497854416
vn 0.49200149 0.714195711 -0.497854416
vn 0.49200149 0.714195711 -0.497854416
vn -0.0158710158 -0.68245368 -0.730756516
vn -0.0158710158 -0.68245368 -0.730756516
vn -0.0158710158 -0.68245368 -0.730756516
vn -0.0158710158 -0.68245368 -0.730756516
vn -0.49200149 -0.714195711 -0.497854416
vn -0.49200149 -0.714195711 -0.497854416
vn -0.49200149 -0.714195711 -0.497854416
vn -0.49200149 -0.714195711 -0.497854416
vn -0.0158710158 -0.68245368 0.730756516
vn -0.0158710158 -0.68245368 0.730756516
vn -0.0158710158 -0.68245368 0.730756516
vn -0.0158710158 -0.68245368 0.730756516
vn -0.49200149 -0.714195711 0.497854416
vn -0.49200149 -0.714195711 0.497854416
vn -0.49200149 -0.714195711 0.497854416
vn -0.49200149 -0.714195711 0.497854416
vn -0.714195711 0.68245368 -0.155503894
vn -0.714195711 0.68245368 -0.155503894
vn -0.714195711 0.68245368 -0.155503894
vn -0.714195711 0.68245368 -0.155503894
vn -0.0158710158 0.0158710158 0.999748079
vn -0.0158710158 0.0158710158 0.999748079
vn -0.0158710158 0.0158710158 0.999748079
vn -0.0158710158 0.0158710158 0.999748079
vn -0.206323205 0.111097111 0.972156452
vn -0.365033364 0.111097111 0.924341969
vn -0.365033364 0.111097111 0.924341969
vn -0.206323205 0.111097111 0.972156452
vn -0.555485553 0.111097111 0.824071133
vn -0.0158710158 0.111097111 0.993682818
vn -0.555485553 0.111097111 0.824071133
vn -0.0158710158 0.111097111 0.993682818
vn -0.714195711 0.111097111 0.691073019
vn 0.206323205 0.111097111 0.972156452
vn -0.714195711 0.111097111 0.691073019
vn 0.206323205 0.111097111 0.972156452
vn -0.841163838 0.111097111 0.529245529
vn 0.365033364 0.111097111 0.924341969
vn -0.841163838 0.111097111 0.529245529
vn 0.365033364 0.111097111 0.924341969
vn -0.904647901 0.111097111 0.411423878
vn 0.555485553 0.111097111 0.824071133
vn -0.904647901 0.111097111 0.411423878
vn 0.555485553 0.111097111 0.824071133
vn -0.968131964 0.111097111 0.224450288
vn 0.714195711 0.111097111 0.691073019
vn -0.968131964 0.111097111 0.224450288
vn 0.714195711 0.111097111 0.691073019
vn -0.993883735 0.110431526 -0
vn 0.841163838 0.111097111 0.529245529
vn -0.993883735 0.110431526 -0
vn 0.841163838 0.111097111 0.529245529
vn -0.968131964 0.111097111 -0.224450288
vn 0.904647901 0.111097111 0.411423878
vn -0.968131964 0.111097111 -0.224450288
vn 0.904647901 0.111097111 0.411423878
vn -0.904647901 0.111097111 -0.411423878
vn 0.968131964 0.111097111 0.224450288
vn -0.904647901 0.111097111 -0.411423878
vn 0.968131964 0.111097111 0.224450288
vn -0.841163838 0.111097111 -0.529245529
vn 0.993883735 0.110431526 -0
vn -0.841163838 0.111097111 -0.529245529
vn 0.993883735 0.110431526 -0
vn -0.714195711 0.111097111 -0.691073019
vn 0.968131964 0.111097111 -0.224450288
vn -0.714195711 0.111097111 -0.691073019
vn 0.968131964 0.111097111 -0.224450288
vn -0.555485553 0.111097111 -0.824071133
vn 0.904647901 0.111097111 -0.411423878
vn -0.555485553 0.111097111 -0.824071133
vn 0.904647901 0.111097111 -0.411423878
vn -0.365033364 0.111097111 -0.924341969
vn 0.841163838 0.111097111 -0.529245529
vn -0.365033364 0.111097111 -0.924341969
vn 0.841163838 0.111097111 -0.529245529
vn -0.206323205 0.111097111 -0.972156452
vn 0.714195711 0.111097111 -0.691073019
vn -0.206323205 0.111097111 -0.972156452
vn 0.714195711 0.111097111 -0.691073019
vn -0.0158710158 0.111097111 -0.993682818
vn 0.555485553 0.111097111 -0.824071133
vn -0.0158710158 0.111097111 -0.993682818
vn 0.555485553 0.111097111 -0.824071133
vn 0.206323205 0.111097111 -0.972156452
vn 0.365033364 0.111097111 -0.924341969
vn 0.206323205 0.111097111 -0.972156452
vn 0.365033364 0.111097111 -0.924341969
vn -0.365033364 -0.111097111 0.924341969
vn -0.365033364 -0.111097111 0.924341969
vn -0.206323205 -0.111097111 0.972156452
vn -0.206323205 -0.111097111 0.972156452
vn -0.555485553 -0.111097111 0.824071133
vn -0.0158710158 -0.111097111 0.993682818
vn -0.555485553 -0.111097111 0.824071133
vn -0.0158710158 -0.111097111 0.993682818
vn -0.714195711 -0.111097111 0.691073019
vn 0.206323205 -0.111097111 0.972156452
vn -0.714195711 -0.111097111 0.691073019
vn 0.206323205 -0.111097111 0.972156452
vn -0.841163838 -0.111097111 0.529245529
vn 0.365033364 -0.111097111 0.924341969
vn -0.841163838 -0.111097111 0.529245529
vn 0.365033364 -0.111097111 0.924341969
vn -0.904647901 -0.111097111 0.411423878
vn 0.555485553 -0.111097111 0.824071133
vn -0.904647901 -0.111097111 0.411423878
vn 0.555485553 -0.111097111 0.824071133
vn -0.968131964 -0.111097111 0.224450288
vn 0.714195711 -0.111097111 0.691073019
vn -0.968131964 -0.111097111 0.224450288
vn 0.714195711 -0.111097111 0.691073019
vn -0.993883735 -0.110431526 -0
vn 0.841163838 -0.111097111 0.529245529
vn -0.993883735 -0.110431526 -0
vn 0.841163838 -0.111097111 0.529245529
vn -0.968131964 -0.111097111 -0.224450288
vn 0.904647901 -0.111097111 0.411423878
vn -0.968131964 -0.111097111 -0.224450288
vn 0.904647901 -0.111097111 0.411423878
vn -0.904647901 -0.111097111 -0.411423878
vn 0.968131964 -0.111097111 0.224450288
vn -0.904647901 -0.111097111 -0.411423878
vn 0.968131964 -0.111097111 0.224450288
vn -0.841163838 -0.111097111 -0.529245529
vn 0.993883735 -0.110431526 -0
vn -0.841163838 -0.111097111 -0.529245529
vn 0.993883735 -0.110431526 -0
vn -0.714195711 -0.111097111 -0.691073019
vn 0.968131964 -0.111097111 -0.224450288
vn -0.714195711 -0.111097111 -0.691073019
vn 0.968131964 -0.111097111 -0.224450288
vn -0.555485553 -0.111097111 -0.824071133
vn 0.904647901 -0.111097111 -0.411423878
vn -0.555485553 -0.111097111 -0.824071133
vn 0.904647901 -0.111097111 -0.411423878
vn -0.365033364 -0.111097111 -0.924341969
vn 0.841163838 -0.111097111 -0.529245529
vn -0.365033364 -0.111097111 -0.924341969
vn 0.841163838 -0.111097111 -0.529245529
vn -0.206323205 -0.111097111 -0.972156452
vn 0.714195711 -0.111097111 -0.691073019
vn -0.206323205 -0.111097111 -0.972156452
vn 0.714195711 -0.111097111 -0.691073019
vn -0.0158710158 -0.111097111 -0.993682818
vn 0.555485553 -0.111097111 -0.824071133
vn -0.0158710158 -0.111097111 -0.993682818
vn 0.555485553 -0.111097111 -0.824071133
vn 0.206323205 -0.111097111 -0.972156452
vn 0.365033364 -0.111097111 -0.924341969
vn 0.206323205 -0.111097111 -0.972156452
vn 0.365033364 -0.111097111 -0.924341969
g SM_Coin_2008_0
f 3/3/3 2/2/2 1/1/1
f 4/4/4 3/3/3 1/1/1
f 4/4/4 1/1/1 5/5/5
f 6/6/6 4/4/4 5/5/5
f 6/6/6 5/5/5 7/7/7
f 8/8/8 6/6/6 7/7/7
f 8/8/8 7/7/7 9/9/9
f 10/10/10 8/8/8 9/9/9
f 10/10/10 9/9/9 11/11/11
f 12/12/12 10/10/10 11/11/11
f 12/12/12 11/11/11 13/13/13
f 14/14/14 12/12/12 13/13/13
f 14/14/14 13/13/13 15/15/15
f 16/16/16 14/14/14 15/15/15
f 16/16/16 15/15/15 17/17/17
f 18/18/18 16/16/16 17/17/17
f 18/18/18 17/17/17 19/19/19
f 20/20/20 18/18/18 19/19/19
f 20/20/20 19/19/19 21/21/21
f 22/22/22 20/20/20 21/21/21
f 22/22/22 21/21/21 23/23/23
f 24/24/24 22/22/22 23/23/23
f 24/24/24 23/23/23 25/25/25
f 26/26/26 24/24/24 25/25/25
f 26/26/26 25/25/25 27/27/27
f 28/28/28 26/26/26 27/27/27
f 28/28/28 27/27/27 29/29/29
f 30/30/30 28/28/28 29/29/29
f 30/30/30 29/29/29 31/31/31
f 32/32/32 30/30/30 31/31/31
f 32/32/32 31/31/31 33/33/33
f 34/34/34 32/32/32 33/33/33
f 37/37/37 36/36/36 35/35/35
f 36/36/36 38/38/38 35/35/35
f 36/36/36 39/39/39 38/38/38
f 39/39/39 40/40/40 38/38/38
f 39/39/39 41/41/41 40/40/40
f 41/41/41 42/42/42 40/40/40
f 41/41/41 43/43/43 42/42/42
f 43/43/43 44/44/44 42/42/42
f 43/43/43 45/45/45 44/44/44
f 45/45/45 46/46/46 44/44/44
f 45/45/45 47/47/47 46/46/46
f 47/47/47 48/48/48 46/46/46
f 47/47/47 49/49/49 48/48/48
f 49/49/49 50/50/50 48/48/48
f 49/49/49 51/51/51 50/50/50
f 51/51/51 52/52/52 50/50/50
f 51/51/51 53/53/53 52/52/52
f 53/53/53 54/54/54 52/52/52
f 53/53/53 55/55/55 54/54/54
f 55/55/55 56/56/56 54/54/54
f 55/55/55 57/57/57 56/56/56
f 57/57/57 58/58/58 56/56/56
f 57/57/57 59/59/59 58/58/58
f 59/59/59 60/60/60 58/58/58
f 59/59/59 61/61/61 60/60/60
f 61/61/61 62/62/62 60/60/60
f 61/61/61 63/63/63 62/62/62
f 63/63/63 64/64/64 62/62/62
f 63/63/63 65/65/65 64/64/64
f 65/65/65 66/66/66 64/64/64
f 65/65/65 67/67/67 66/66/66
f 67/67/67 68/68/68 66/66/66
f 71/71/71 70/70/70 69/69/69
f 70/70/70 72/72/72 69/69/69
f 69/69/69 72/72/72 73/73/73
f 72/72/72 74/74/74 73/73/73
f 73/73/73 74/74/74 75/75/75
f 74/74/74 76/76/76 75/75/75
f 75/75/75 76/76/76 77/77/77
f 76/76/76 78/78/78 77/77/77
f 77/77/77 78/78/78 79/79/79
f 78/78/78 80/80/80 79/79/79
f 79/79/79 80/80/80 81/81/81
f 80/80/80 82/82/82 81/81/81
f 81/81/81 82/82/82 83/83/83
f 82/82/82 84/84/84 83/83/83
f 83/83/83 84/84/84 85/85/85
f 84/84/84 86/86/86 85/85/85
f 85/85/85 86/86/86 87/87/87
f 86/86/86 88/88/88 87/87/87
f 87/87/87 88/88/88 89/89/89
f 88/88/88 90/90/90 89/89/89
f 89/89/89 90/90/90 91/91/91
f 90/90/90 92/92/92 91/91/91
f 91/91/91 92/92/92 93/93/93
f 92/92/92 94/94/94 93/93/93
f 93/93/93 94/94/94 95/95/95
f 94/94/94 96/96/96 95/95/95
f 95/95/95 96/96/96 97/97/97
f 96/96/96 98/98/98 97/97/97
f 97/97/97 98/98/98 99/99/99
f 98/98/98 100/100/100 99/99/99
f 99/99/99 100/100/100 101/101/101
f 100/100/100 102/102/102 101/101/101
f 105/105/105 104/104/104 103/103/103
f 106/106/106 105/105/105 103/103/103
f 107/107/107 105/105/105 106/106/106
f 108/108/108 107/107/107 106/106/106
f 109/109/109 107/107/107 108/108/108
f 110/110/110 109/109/109 108/108/108
f 111/111/111 109/109/109 110/110/110
f 112/112/112 111/111/111 110/110/110
f 113/113/113 111/111/111 112/112/112
f 114/114/114 113/113/113 112/112/112
f 115/115/115 113/113/113 114/114/114
f 116/116/116 115/115/115 114/114/114
f 117/117/117 115/115/115 116/116/116
f 118/118/118 117/117/117 116/116/116
f 119/119/119 117/117/117 118/118/118
f 120/120/120 119/119/119 118/118/118
f 121/121/121 119/119/119 120/120/120
f 122/122/122 121/121/121 120/120/120
f 123/123/123 121/121/121 122/122/122
f 124/124/124 123/123/123 122/122/122
f 125/125/125 123/123/123 124/124/124
f 126/126/126 125/125/125 124/124/124
f 127/127/127 125/125/125 126/126/126
f 128/128/128 127/127/127 126/126/126
f 129/129/129 127/127/127 128/128/128
f 130/130/130 129/129/129 128/128/128
f 131/131/131 129/129/129 130/130/130
f 132/132/132 131/131/131 130/130/130
f 133/133/133 131/131/131 132/132/132
f 134/134/134 133/133/133 132/132/132
f 135/135/135 133/133/133 134/134/134
f 136/136/136 135/135/135 134/134/134
f 139/139/139 138/138/138 137/137/137
f 140/140/140 139/139/139 137/137/137
f 141/141/141 139/139/139 140/140/140
f 142/142/142 141/141/141 140/140/140
f 143/143/143 141/141/141 142/142/142
f 144/144/144 143/143/143 142/142/142
f 145/145/145 143/143/143 144/144/144
f 146/146/146 145/145/145 144/144/144
f 147/147/147 145/145/145 146/146/146
f 148/148/148 147/147/147 146/146/146
f 149/149/149 147/147/147 148/148/148
f 150/150/150 149/149/149 148/148/148
f 151/151/151 149/149/149 150/150/150
f 152/152/152 151/151/151 150/150/150
f 153/153/153 151/151/151 152/152/152
f 154/154/154 153/153/153 152/152/152
f 155/155/155 153/153/153 154/154/154
f 156/156/156 155/155/155 154/154/154
f 157/157/157 155/155/155 156/156/156
f 158/158/158 157/157/157 156/156/156
f 159/159/159 157/157/157 158/158/158
f 160/160/160 159/159/159 158/158/158
f 161/161/161 159/159/159 160/160/160
f 162/162/162 161/161/161 160/160/160
f 163/163/163 161/161/161 162/162/162
f 164/164/164 163/163/163 162/162/162
f 165/165/165 163/163/163 164/164/164
f 166/166/166 165/165/165 164/164/164
f 167/167/167 165/165/165 166/166/166
f 168/168/168 167/167/167 166/166/166
f 169/169/169 167/167/167 168/168/168
f 170/170/170 169/169/169 168/168/168
f 173/173/173 172/172/172 171/171/171
f 172/172/172 174/174/174 171/171/171
f 171/171/171 174/174/174 175/175/175
f 174/174/174 176/176/176 175/175/175
f 175/175/175 176/176/176 177/177/177
f 176/176/176 178/178/178 177/177/177
f 177/177/177 178/178/178 179/179/179
f 178/178/178 180/180/180 179/179/179
f 179/179/179 180/180/180 181/181/181
f 180/180/180 182/182/182 181/181/181
f 181/181/181 182/182/182 183/183/183
f 182/182/182 184/184/184 183/183/183
f 183/183/183 184/184/184 185/185/185
f 184/184/184 186/186/186 185/185/185
f 185/185/185 186/186/186 187/187/187
f 186/186/186 188/188/188 187/187/187
f 187/187/187 188/188/188 189/189/189
f 188/188/188 190/190/190 189/189/189
f 189/189/189 190/190/190 191/191/191
f 190/190/190 192/192/192 191/191/191
f 191/191/191 192/192/192 193/193/193
f 192/192/192 194/194/194 193/193/193
f 193/193/193 194/194/194 195/195/195
f 194/194/194 196/196/196 195/195/195
f 195/195/195 196/196/196 197/197/197
f 196/196/196 198/198/198 197/197/197
f 197/197/197 198/198/198 199/199/199
f 198/198/198 200/200/200 199/199/199
f 199/199/199 200/200/200 201/201/201
f 200/200/200 202/202/202 201/201/201
f 201/201/201 202/202/202 203/203/203
f 202/202/202 204/204/204 203/203/203
f 207/207/207 206/206/206 205/205/205
f 208/208/208 207/207/207 205/205/205
f 209/209/209 208/208/208 205/205/205
f 210/210/210 209/209/209 205/205/205
f 211/211/211 210/210/210 205/205/205
f 211/211/211 205/205/205 212/212/212
f 211/211/211 212/212/212 213/213/213
f 211/211/211 213/213/213 214/214/214
f 215/215/215 211/211/211 214/214/214
f 216/216/216 215/215/215 214/214/214
f 217/217/217 216/216/216 214/214/214
f 217/217/217 214/214/214 218/218/218
f 217/217/217 218/218/218 219/219/219
f 219/219/219 220/220/220 217/217/217
f 220/220/220 219/219/219 221/221/221
f 222/222/222 220/220/220 221/221/221
f 223/223/223 222/222/222 221/221/221
f 224/224/224 223/223/223 221/221/221
f 225/225/225 224/224/224 221/221/221
f 226/226/226 225/225/225 221/221/221
f 221/221/221 227/227/227 226/226/226
f 228/228/228 227/227/227 221/221/221
f 221/221/221 229/229/229 228/228/228
f 221/221/221 230/230/230 229/229/229
f 221/221/221 231/231/231 230/230/230
f 221/221/221 232/232/232 231/231/231
f 221/221/221 233/233/233 232/232/232
f 221/221/221 234/234/234 233/233/233
f 234/234/234 235/235/235 233/233/233
f 234/234/234 236/236/236 235/235/235
f 236/236/236 237/237/237 235/235/235
f 237/237/237 238/238/238 235/235/235
f 237/237/237 239/239/239 238/238/238
f 237/237/237 240/240/240 239/239/239
f 237/237/237 241/241/241 240/240/240
f 205/205/205 240/240/240 241/241/241
f 241/241/241 212/212/212 205/205/205
f 205/205/205 242/242/242 240/240/240
f 205/205/205 243/243/243 242/242/242
f 205/205/205 244/244/244 243/243/243
f 205/205/205 245/245/245 244/244/244
f 205/205/205 246/246/246 245/245/245
f 249/249/249 248/248/248 247/247/247
f 250/250/250 249/249/249 247/247/247
f 251/251/251 250/250/250 247/247/247
f 252/252/252 251/251/251 247/247/247
f 253/253/253 252/252/252 247/247/247
f 253/253/253 247/247/247 254/254/254
f 253/253/253 254/254/254 255/255/255
f 253/253/253 255/255/255 256/256/256
f 257/257/257 253/253/253 256/256/256
f 258/258/258 257/257/257 256/256/256
f 259/259/259 258/258/258 256/256/256
f 259/259/259 256/256/256 260/260/260
f 259/259/259 260/260/260 261/261/261
f 261/261/261 262/262/262 259/259/259
f 262/262/262 261/261/261 263/263/263
f 264/264/264 262/262/262 263/263/263
f 265/265/265 264/264/264 263/263/263
f 266/266/266 265/265/265 263/263/263
f 267/267/267 266/266/266 263/263/263
f 268/268/268 267/267/267 263/263/263
f 263/263/263 269/269/269 268/268/268
f 270/270/270 269/269/269 263/263/263
f 263/263/263 271/271/271 270/270/270
f 263/263/263 272/272/272 271/271/271
f 263/263/263 273/273/273 272/272/272
f 263/263/263 274/274/274 273/273/273
f 263/263/263 275/275/275 274/274/274
f 263/263/263 276/276/276 275/275/275
f 276/276/276 277/277/277 275/275/275
f 276/276/276 278/278/278 277/277/277
f 278/278/278 279/279/279 277/277/277
f 279/279/279 280/280/280 277/277/277
f 279/279/279 281/281/281 280/280/280
f 279/279/279 282/282/282 281/281/281
f 279/279/279 283/283/283 282/282/282
f 247/247/247 282/282/282 283/283/283
f 283/283/283 254/254/254 247/247/247
f 247/247/247 284/284/284 282/282/282
f 247/247/247 285/285/285 284/284/284
f 247/247/247 286/286/286 285/285/285
f 247/247/247 287/287/287 286/286/286
f 247/247/247 288/288/288 287/287/287
f 291/291/291 290/290/290 289/289/289
f 292/292/292 291/291/291 289/289/289
f 289/289/289 293/293/293 292/292/292
f 293/293/293 294/294/294 292/292/292
f 293/293/293 295/295/295 294/294/294
f 295/295/295 296/296/296 294/294/294
f 299/299/299 298/298/298 297/297/297
f 300/300/300 299/299/299 297/297/297
f 300/300/300 297/297/297 301/301/301
f 302/302/302 300/300/300 301/301/301
f 301/301/301 303/303/303 302/302/302
f 303/303/303 304/304/304 302/302/302
f 307/307/307 306/306/306 305/305/305
f 308/308/308 307/307/307 305/305/305
f 308/308/308 305/305/305 309/309/309
f 310/310/310 308/308/308 309/309/309
f 309/309/309 311/311/311 310/310/310
f 311/311/311 312/312/312 310/310/310
f 315/315/315 314/314/314 313/313/313
f 316/316/316 315/315/315 313/313/313
f 319/319/319 318/318/318 317/317/317
f 320/320/320 319/319/319 317/317/317
f 323/323/323 322/322/322 321/321/321
f 324/324/324 323/323/323 321/321/321
f 327/327/327 326/326/326 325/325/325
f 328/328/328 327/327/327 325/325/325
f 328/328/328 325/325/325 329/329/329
f 330/330/330 328/328/328 329/329/329
f 329/329/329 331/331/331 330/330/330
f 331/331/331 332/332/332 330/330/330
f 335/335/335 334/334/334 333/333/333
f 336/336/336 335/335/335 333/333/333
f 339/339/339 338/338/338 337/337/337
f 337/337/337 340/340/340 339/339/339
f 337/337/337 341/341/341 340/340/340
f 344/344/344 343/343/343 342/342/342
f 345/345/345 344/344/344 342/342/342
f 348/348/348 347/347/347 346/346/346
f 349/349/349 348/348/348 346/346/346
f 352/352/352 351/351/351 350/350/350
f 353/353/353 352/352/352 350/350/350
f 356/356/356 355/355/355 354/354/354
f 357/357/357 356/356/356 354/354/354
f 360/360/360 359/359/359 358/358/358
f 361/361/361 360/360/360 358/358/358
f 364/364/364 363/363/363 362/362/362
f 362/362/362 365/365/365 364/364/364
f 362/362/362 366/366/366 365/365/365
f 369/369/369 368/368/368 367/367/367
f 370/370/370 369/369/369 367/367/367
f 373/373/373 372/372/372 371/371/371
f 371/371/371 374/374/374 373/373/373
f 371/371/371 375/375/375 374/374/374
f 378/378/378 377/377/377 376/376/376
f 379/379/379 378/378/378 376/376/376
f 382/382/382 381/381/381 380/380/380
f 383/383/383 382/382/382 380/380/380
f 386/386/386 385/385/385 384/384/384
f 387/387/387 386/386/386 384/384/384
f 390/390/390 389/389/389 388/388/388
f 388/388/388 391/391/391 390/390/390
f 388/388/388 392/392/392 391/391/391
f 395/395/395 394/394/394 393/393/393
f 396/396/396 395/395/395 393/393/393
f 399/399/399 398/398/398 397/397/397
f 400/400/400 399/399/399 397/397/397
f 403/403/403 402/402/402 401/401/401
f 404/404/404 403/403/403 401/401/401
f 407/407/407 406/406/406 405/405/405
f 408/408/408 407/407/407 405/405/405
f 408/408/408 405/405/405 409/409/409
f 410/410/410 408/408/408 409/409/409
f 409/409/409 411/411/411 410/410/410
f 411/411/411 412/412/412 410/410/410
f 415/415/415 414/414/414 413/413/413
f 416/416/416 415/415/415 413/413/413
f 418/418/418 413/413/413 417/417/417
f 419/419/419 418/418/418 417/417/417
f 419/419/419 421/421/421 420/420/420
f 422/422/422 419/419/419 420/420/420
f 425/425/425 424/424/424 423/423/423
f 426/426/426 425/425/425 423/423/423
f 429/429/429 428/428/428 427/427/427
f 430/430/430 429/429/429 427/427/427
f 430/430/430 427/427/427 431/431/431
f 432/432/432 430/430/430 431/431/431
f 431/431/431 433/433/433 432/432/432
f 433/433/433 434/434/434 432/432/432
f 437/437/437 436/436/436 435/435/435
f 438/438/438 437/437/437 435/435/435
f 435/435/435 439/439/439 438/438/438
f 439/439/439 440/440/440 438/438/438
f 439/439/439 441/441/441 440/440/440
f 441/441/441 442/442/442 440/440/440
f 445/445/445 444/444/444 443/443/443
f 446/446/446 445/445/445 443/443/443
f 449/449/449 448/448/448 447/447/447
f 450/450/450 449/449/449 447/447/447
f 450/450/450 452/452/452 451/451/451
f 453/453/453 450/450/450 451/451/451
f 456/456/456 455/455/455 454/454/454
f 457/457/457 456/456/456 454/454/454
f 460/460/460 459/459/459 458/458/458
f 461/461/461 460/460/460 458/458/458
f 464/464/464 463/463/463 462/462/462
f 465/465/465 464/464/464 462/462/462
f 468/468/468 467/467/467 466/466/466
f 469/469/469 468/468/468 466/466/466
f 472/472/472 471/471/471 470/470/470
f 473/473/473 472/472/472 470/470/470
f 476/476/476 475/475/475 474/474/474
f 477/477/477 476/476/476 474/474/474
f 480/480/480 479/479/479 478/478/478
f 481/481/481 480/480/480 478/478/478
f 484/484/484 483/483/483 482/482/482
f 485/485/485 484/484/484 482/482/482
f 488/488/488 487/487/487 486/486/486
f 489/489/489 488/488/488 486/486/486
f 492/492/492 491/491/491 490/490/490
f 493/493/493 492/492/492 490/490/490
f 496/496/496 495/495/495 494/494/494
f 497/497/497 496/496/496 494/494/494
f 500/500/500 499/499/499 498/498/498
f 501/501/501 500/500/500 498/498/498
f 504/504/504 503/503/503 502/502/502
f 505/505/505 504/504/504 502/502/502
f 508/508/508 507/507/507 506/506/506
f 509/509/509 508/508/508 506/506/506
f 512/512/512 511/511/511 510/510/510
f 513/513/513 512/512/512 510/510/510
f 510/510/510 514/514/514 513/513/513
f 514/514/514 515/515/515 513/513/513
f 514/514/514 516/516/516 515/515/515
f 516/516/516 517/517/517 515/515/515
f 520/520/520 519/519/519 518/518/518
f 521/521/521 520/520/520 518/518/518
f 524/524/524 523/523/523 522/522/522
f 525/525/525 524/524/524 522/522/522
f 528/528/528 527/527/527 526/526/526
f 529/529/529 528/528/528 526/526/526
f 532/532/532 531/531/531 530/530/530
f 533/533/533 532/532/532 530/530/530
f 536/536/536 535/535/535 534/534/534
f 537/537/537 536/536/536 534/534/534
f 540/540/540 539/539/539 538/538/538
f 541/541/541 540/540/540 538/538/538
f 544/544/544 543/543/543 542/542/542
f 545/545/545 544/544/544 542/542/542
f 548/548/548 547/547/547 546/546/546
f 549/549/549 548/548/548 546/546/546
f 552/552/552 551/551/551 550/550/550
f 553/553/553 552/552/552 550/550/550
f 556/556/556 555/555/555 554/554/554
f 557/557/557 556/556/556 554/554/554
f 560/560/560 559/559/559 558/558/558
f 561/561/561 560/560/560 558/558/558
f 564/564/564 563/563/563 562/562/562
f 565/565/565 564/564/564 562/562/562
f 568/568/568 567/567/567 566/566/566
f 569/569/569 568/568/568 566/566/566
f 572/572/572 571/571/571 570/570/570
f 573/573/573 572/572/572 570/570/570
f 576/576/576 575/575/575 574/574/574
f 577/577/577 576/576/576 574/574/574
f 580/580/580 579/579/579 578/578/578
f 581/581/581 580/580/580 578/578/578
f 584/584/584 583/583/583 582/582/582
f 585/585/585 584/584/584 582/582/582
f 588/588/588 587/587/587 586/586/586
f 589/589/589 588/588/588 586/586/586
f 592/592/592 591/591/591 590/590/590
f 593/593/593 592/592/592 590/590/590
f 596/596/596 595/595/595 594/594/594
f 597/597/597 596/596/596 594/594/594
f 600/600/600 599/599/599 598/598/598
f 601/601/601 600/600/600 598/598/598
f 604/604/604 603/603/603 602/602/602
f 605/605/605 604/604/604 602/602/602
f 608/608/608 607/607/607 606/606/606
f 609/609/609 608/608/608 606/606/606
f 612/612/612 611/611/611 610/610/610
f 611/611/611 613/613/613 610/610/610
f 614/614/614 611/611/611 612/612/612
f 610/610/610 613/613/613 615/615/615
f 616/616/616 614/614/614 612/612/612
f 613/613/613 617/617/617 615/615/615
f 618/618/618 614/614/614 616/616/616
f 615/615/615 617/617/617 619/619/619
f 620/620/620 618/618/618 616/616/616
f 617/617/617 621/621/621 619/619/619
f 622/622/622 618/618/618 620/620/620
f 619/619/619 621/621/621 623/623/623
f 624/624/624 622/622/622 620/620/620
f 621/621/621 625/625/625 623/623/623
f 626/626/626 622/622/622 624/624/624
f 623/623/623 625/625/625 627/627/627
f 628/628/628 626/626/626 624/624/624
f 625/625/625 629/629/629 627/627/627
f 630/630/630 626/626/626 628/628/628
f 627/627/627 629/629/629 631/631/631
f 632/632/632 630/630/630 628/628/628
f 629/629/629 633/633/633 631/631/631
f 634/634/634 630/630/630 632/632/632
f 631/631/631 633/633/633 635/635/635
f 636/636/636 634/634/634 632/632/632
f 633/633/633 637/637/637 635/635/635
f 638/638/638 634/634/634 636/636/636
f 635/635/635 637/637/637 639/639/639
f 640/640/640 638/638/638 636/636/636
f 637/637/637 641/641/641 639/639/639
f 642/642/642 638/638/638 640/640/640
f 639/639/639 641/641/641 643/643/643
f 644/644/644 642/642/642 640/640/640
f 641/641/641 645/645/645 643/643/643
f 646/646/646 642/642/642 644/644/644
f 643/643/643 645/645/645 647/647/647
f 648/648/648 646/646/646 644/644/644
f 645/645/645 649/649/649 647/647/647
f 650/650/650 646/646/646 648/648/648
f 647/647/647 649/649/649 651/651/651
f 652/652/652 650/650/650 648/648/648
f 649/649/649 653/653/653 651/651/651
f 654/654/654 650/650/650 652/652/652
f 651/651/651 653/653/653 655/655/655
f 656/656/656 654/654/654 652/652/652
f 653/653/653 657/657/657 655/655/655
f 658/658/658 654/654/654 656/656/656
f 655/655/655 657/657/657 659/659/659
f 660/660/660 658/658/658 656/656/656
f 657/657/657 661/661/661 659/659/659
f 662/662/662 658/658/658 660/660/660
f 659/659/659 661/661/661 663/663/663
f 664/664/664 662/662/662 660/660/660
f 661/661/661 665/665/665 663/663/663
f 666/666/666 662/662/662 664/664/664
f 663/663/663 665/665/665 667/667/667
f 668/668/668 666/666/666 664/664/664
f 665/665/665 669/669/669 667/667/667
f 670/670/670 666/666/666 668/668/668
f 667/667/667 669/669/669 671/671/671
f 672/672/672 670/670/670 668/668/668
f 669/669/669 673/673/673 671/671/671
f 673/673/673 670/670/670 672/672/672
f 671/671/671 673/673/673 672/672/672
f 676/676/676 675/675/675 674/674/674
f 677/677/677 676/676/676 674/674/674
f 674/674/674 675/675/675 678/678/678
f 679/679/679 676/676/676 677/677/677
f 675/675/675 680/680/680 678/678/678
f 681/681/681 679/679/679 677/677/677
f 678/678/678 680/680/680 682/682/682
f 683/683/683 679/679/679 681/681/681
f 680/680/680 684/684/684 682/682/682
f 685/685/685 683/683/683 681/681/681
f 682/682/682 684/684/684 686/686/686
f 687/687/687 683/683/683 685/685/685
f 684/684/684 688/688/688 686/686/686
f 689/689/689 687/687/687 685/685/685
f 686/686/686 688/688/688 690/690/690
f 691/691/691 687/687/687 689/689/689
f 688/688/688 692/692/692 690/690/690
f 693/693/693 691/691/691 689/689/689
f 690/690/690 692/692/692 694/694/694
f 695/695/695 691/691/691 693/693/693
f 692/692/692 696/696/696 694/694/694
f 697/697/697 695/695/695 693/693/693
f 694/694/694 696/696/696 698/698/698
f 699/699/699 695/695/695 697/697/697
f 696/696/696 700/700/700 698/698/698
f 701/701/701 699/699/699 697/697/697
f 698/698/698 700/700/700 702/702/702
f 703/703/703 699/699/699 701/701/701
f 700/700/700 704/704/704 702/702/702
f 705/705/705 703/703/703 701/701/701
f 702/702/702 704/704/704 706/706/706
f 707/707/707 703/703/703 705/705/705
f 704/704/704 708/708/708 706/706/706
f 709/709/709 707/707/707 705/705/705
f 706/706/706 708/708/708 710/710/710
f 711/711/711 707/707/707 709/709/709
f 708/708/708 712/712/712 710/710/710
f 713/713/713 711/711/711 709/709/709
f 710/710/710 712/712/712 714/714/714
f 715/715/715 711/711/711 713/713/713
f 712/712/712 716/716/716 714/714/714
f 717/717/717 715/715/715 713/713/713
f 714/714/714 716/716/716 718/718/718
f 719/719/719 715/715/715 717/717/717
f 716/716/716 720/720/720 718/718/718
f 721/721/721 719/719/719 717/717/717
f 718/718/718 720/720/720 722/722/722
f 723/723/723 719/719/719 721/721/721
f 720/720/720 724/724/724 722/722/722
f 725/725/725 723/723/723 721/721/721
f 722/722/722 724/724/724 726/726/726
f 727/727/727 723/723/723 725/725/725
f 724/724/724 728/728/728 726/726/726
f 729/729/729 727/727/727 725/725/725
f 726/726/726 728/728/728 730/730/730
f 731/731/731 727/727/727 729/729/729
f 728/728/728 732/732/732 730/730/730
f 733/733/733 731/731/731 729/729/729
f 730/730/730 732/732/732 734/734/734
f 735/735/735 731/731/731 733/733/733
f 732/732/732 736/736/736 734/734/734
f 737/737/737 735/735/735 733/733/733
f 734/734/734 736/736/736 737/737/737
f 736/736/736 735/735/735 737/737/737
